#name,ra,dec,pileup_flag,photflux_aper_b,photflux_aper_h,photflux_aper_m,photflux_aper_s,flux_aper_b,flux_aper_h,flux_aper_m,flux_aper_s,photflux_aper_avg_b,photflux_aper_avg_h,photflux_aper_avg_m,photflux_aper_avg_s,flux_aper_avg_b,flux_aper_avg_h,flux_aper_avg_m,flux_aper_avg_s,flux_powlaw_aper_b,flux_powlaw_aper_h,flux_powlaw_aper_m,flux_powlaw_aper_s,flux_bb_aper_b,flux_bb_aper_h,flux_bb_aper_m,flux_bb_aper_s,flux_brems_aper_b,flux_brems_aper_h,flux_brems_aper_m,flux_brems_aper_s,flux_apec_aper_b,flux_apec_aper_h,flux_apec_aper_m,flux_apec_aper_s,flux_powlaw,powlaw_gamma,powlaw_nh,powlaw_ampl,powlaw_stat,flux_bb,bb_kt,bb_nh,bb_ampl,bb_stat,flux_brems,brems_kt,brems_nh,brems_norm,brems_stat,hard_hm,var_inter_hard_prob_hs,var_inter_hard_sigma_hs,hard_ms,var_inter_hard_prob_ms,var_inter_hard_sigma_ms,ks_intra_prob_b,ks_intra_prob_h,ks_intra_prob_m,ks_intra_prob_s
 2CXO J002350.3-720431, 00 23 50.39,-72 04 31.56,FALSE,3.898E-07,1.936E-08,1.729E-08,2.442E-07,3.794E-16,0,         ,         ,3.709E-07,1.687E-08,1.62E-08,2.403E-07,         ,         ,         ,         ,8.118E-16,         ,         ,3.945E-16,1.061E-15,         ,         ,3.705E-16,8.153E-16,         ,         ,3.895E-16,1.023E-15,         ,         ,3.88E-16,         ,         ,         ,         ,         ,         ,         ,         ,         ,         ,         ,         ,         ,         ,         ,0.2511,0.406,0.402,-0.8707,0.214,0.07405,0.958,         ,         ,0.825
 2CXO J002354.5-720530, 00 23 54.52,-72 05 30.87,FALSE,5.713E-07,2.239E-08,4.97E-08,3.283E-07,7.953E-16,1.49E-16,1.094E-16,5.183E-16,5.459E-07,1.949E-08,4.247E-08,3.118E-07,         ,         ,         ,         ,1.212E-15,         ,         ,5.396E-16,1.584E-15,         ,         ,5.068E-16,1.217E-15,         ,         ,5.327E-16,1.528E-15,         ,         ,5.307E-16,         ,         ,         ,         ,         ,         ,         ,         ,         ,         ,         ,         ,         ,         ,         ,-0.2723,0.267,         ,-0.7358,0.022,         ,0.995,         ,         ,0.948
 2CXO J002359.4-720358, 00 23 59.43,-72 03 58.86,FALSE,1.381E-06,2.698E-07,1.732E-07,5.503E-07,2.842E-15,1.758E-15,4.075E-16,8.851E-16,1.335E-06,2.725E-07,1.598E-07,5.36E-07,         ,         ,         ,         ,2.938E-15,1.757E-15,4.197E-16,9.052E-16,3.824E-15,1.516E-15,4.375E-16,8.489E-16,2.948E-15,1.632E-15,4.226E-16,8.933E-16,3.697E-15,1.974E-15,4.267E-16,8.896E-16,         ,         ,         ,         ,         ,         ,         ,         ,         ,         ,         ,         ,         ,         ,         ,0.2274,0.984,1.323,-0.5272,0.386,0.1758,0.742,0.493,0.58,0.8
 2CXO J002401.4-720441, 00 24 01.44,-72 04 41.92,FALSE,5.108E-07,0,5.931E-08,3.141E-07,5.271E-16,0,1.316E-16,5.195E-16,4.972E-07,0,5.294E-08,3.098E-07,         ,         ,         ,         ,1.084E-15,         ,         ,5.158E-16,1.412E-15,         ,         ,4.841E-16,1.088E-15,         ,         ,5.091E-16,1.364E-15,         ,         ,5.071E-16,         ,         ,         ,         ,         ,         ,         ,         ,         ,         ,         ,         ,         ,         ,         ,-0.9994,0.571,1.999,-0.6846,0.506,0.2773,0.854,         ,         ,0.846
 2CXO J002403.8-720457, 00 24 03.81,-72 04 57.08,FALSE,2.311E-06,1.301E-07,2.217E-07,1.296E-06,3.195E-15,5.186E-16,4.758E-16,2.162E-15,1.905E-06,         ,         ,1.086E-06,         ,         ,         ,         ,4.889E-15,         ,5.306E-16,2.127E-15,6.358E-15,         ,5.535E-16,1.992E-15,4.906E-15,         ,5.343E-16,2.098E-15,6.148E-15,         ,5.394E-16,2.089E-15,         ,         ,         ,         ,         ,         ,         ,         ,         ,         ,         ,         ,         ,         ,         ,-0.2011,0.586,0.4635,-0.7033,0.724,0.3098,0.843,0.776,0.792,0.74
 2CXO J002403.9-720442, 00 24 03.95,-72 04 42.59,FALSE,1.738E-06,4.387E-08,1.606E-07,9.649E-07,2.207E-15,1.892E-16,3.631E-16,1.629E-15,1.943E-06,3.312E-08,5.204E-07,1.039E-06,2.033E-15,0,1.189E-15,1.824E-15,3.69E-15,         ,3.886E-16,1.585E-15,4.807E-15,         ,4.052E-16,1.487E-15,3.704E-15,         ,3.913E-16,1.564E-15,4.645E-15,         ,3.95E-16,1.558E-15,         ,         ,         ,         ,         ,         ,         ,         ,         ,         ,         ,         ,         ,         ,         ,-0.5347,0.56,0.2766,-0.7183,0.486,0.1804,0.934,         ,0.845,0.934
 2CXO J002404.6-720453, 00 24 04.67,-72 04 53.84,FALSE,1.041E-06,         ,1.057E-07,7.158E-07,1.602E-15,0,2.634E-16,1.333E-15,1.419E-06,4.2E-08,1.57E-07,8.695E-07,         ,         ,         ,         ,2.002E-15,         ,         ,1.159E-15,2.562E-15,         ,         ,1.07E-15,2.002E-15,         ,         ,1.14E-15,2.498E-15,         ,         ,1.132E-15,         ,         ,         ,         ,         ,         ,         ,         ,         ,         ,         ,         ,         ,         ,         ,         ,0.386,0.2102,         ,0.123,0.09817,0.776,         ,         ,0.902
 2CXO J002405.7-720452, 00 24 05.73,-72 04 52.56,FALSE,1.743E-07,2.108E-08,5.854E-08,1.329E-07,7.634E-17,1.473E-16,         ,2.057E-16,2.192E-07,2.477E-08,6.189E-08,1.235E-07,         ,         ,         ,         ,         ,         ,         ,         ,         ,         ,         ,         ,         ,         ,         ,         ,         ,         ,         ,         ,         ,         ,         ,         ,         ,         ,         ,         ,         ,         ,         ,         ,         ,         ,         ,-0.4172,0.744,0.7201,-0.4085,0.814,0.4858,         ,         ,         ,         
 2CXO J002406.0-720449, 00 24 06.08,-72 04 49.15,FALSE,2.937E-06,7.141E-07,4.382E-07,1.035E-06,9.515E-15,6.761E-15,1.111E-15,1.778E-15,2.903E-06,6.289E-07,5.02E-07,1.003E-06,         ,         ,         ,         ,6.268E-15,4.668E-15,1.066E-15,1.745E-15,8.059E-15,4.04E-15,1.114E-15,1.618E-15,6.274E-15,4.341E-15,1.074E-15,1.718E-15,7.839E-15,5.237E-15,1.084E-15,1.707E-15,6.042E-15,1.622,2.632E-06,1.095E-06,1.653,3.182E-15,0.4201,2.109E-06,1.13E-05,3.392,5.753E-15,6.833,2.733E-06,1.441E-06,1.829,0.2473,0.707,1.227,-0.411,0.525,0.2263,0.982,0.923,0.938,0.991
 2CXO J002406.0-720501, 00 24 06.06,-72 05 01.56,FALSE,8.555E-07,2.083E-08,1.324E-07,4.582E-07,9.585E-16,0,2.991E-16,7.704E-16,8.633E-07,2.078E-08,1.322E-07,4.64E-07,9.666E-16,0,2.986E-16,7.812E-16,1.82E-15,         ,3.225E-16,7.571E-16,2.327E-15,         ,3.374E-16,6.986E-16,1.819E-15,         ,3.249E-16,7.445E-16,2.269E-15,         ,3.281E-16,7.395E-16,         ,         ,         ,         ,         ,         ,         ,         ,         ,         ,         ,         ,         ,         ,         ,-0.7071,0,0.317,-0.5559,0.199,0.07737,0.998,         ,0.884,0.996
 2CXO J002406.7-720406, 00 24 06.72,-72 04 06.91,FALSE,5.967E-07,0,5.683E-08,3.568E-07,7.895E-16,0,1.234E-16,6.4E-16,5.955E-07,0,5.683E-08,3.562E-07,7.891E-16,0,1.234E-16,6.386E-16,1.261E-15,         ,1.391E-16,5.856E-16,1.611E-15,         ,1.454E-16,5.404E-16,1.26E-15,         ,1.401E-16,5.758E-16,1.572E-15,         ,1.415E-16,5.72E-16,         ,         ,         ,         ,         ,         ,         ,         ,         ,         ,         ,         ,         ,         ,         ,-0.9994,0.002,         ,-0.7245,0.229,         ,0.957,         ,0.598,0.989
 2CXO J002407.3-720449, 00 24 07.36,-72 04 49.45,FALSE,3.554E-06,         ,5.671E-07,1.582E-06,5.307E-15,         ,1.438E-15,2.485E-15,4.618E-06,         ,         ,1.867E-06,         ,         ,         ,         ,7.55E-15,         ,1.392E-15,2.589E-15,9.831E-15,         ,1.451E-15,2.428E-15,7.578E-15,         ,1.402E-15,2.555E-15,9.5E-15,         ,1.415E-15,2.544E-15,5.218E-15,3.12,20.02,3.331E-06,1.167,3.907E-15,0.2911,3.179E-06,6.434E-05,1.951,2.574E-15,1.426,3.142,3.263E-06,1.234,         ,0.278,0.1232,         ,0.45,0.1453,0.999,0.835,0.991,0.988
 2CXO J002407.5-720450, 00 24 07.58,-72 04 50.47,FALSE,1.441E-06,5.999E-08,         ,7.245E-07,2.05E-15,3.236E-16,         ,1.245E-15,1.382E-06,         ,         ,7.001E-07,         ,         ,         ,         ,3.079E-15,         ,         ,1.189E-15,4.011E-15,         ,         ,1.115E-15,3.091E-15,         ,         ,1.173E-15,3.875E-15,         ,         ,1.168E-15,         ,         ,         ,         ,         ,         ,         ,         ,         ,         ,         ,         ,         ,         ,         ,         ,0.143,0.1023,         ,0.285,0.3168,0.976,         ,0.922,0.939
 2CXO J002407.9-720439, 00 24 07.97,-72 04 39.80,FALSE,1.057E-06,         ,1.846E-07,5.306E-07,1.401E-15,0,4.03E-16,9.625E-16,1.231E-06,3.658E-08,1.84E-07,6.265E-07,         ,         ,         ,         ,2.276E-15,         ,4.527E-16,8.942E-16,2.867E-15,         ,4.745E-16,8.136E-16,2.268E-15,         ,4.562E-16,8.765E-16,2.818E-15,         ,4.608E-16,8.687E-16,         ,         ,         ,         ,         ,         ,         ,         ,         ,         ,         ,         ,         ,         ,         ,         ,0.84,1.923,         ,0.314,0.4527,0.926,         ,0.985,0.937
 2CXO J002407.9-720448, 00 24 07.98,-72 04 48.50,FALSE,2.604E-07,5.173E-08,2.867E-08,1.141E-07,5.86E-16,2.088E-16,2.006E-16,4.624E-16,4.934E-07,5.103E-08,6.974E-08,2.576E-07,4.684E-16,1.557E-16,1.694E-16,4.074E-16,5.526E-16,         ,         ,1.871E-16,7.193E-16,         ,         ,1.754E-16,5.547E-16,         ,         ,1.846E-16,6.953E-16,         ,         ,1.838E-16,         ,         ,         ,         ,         ,         ,         ,         ,         ,         ,         ,         ,         ,         ,         ,0.2798,0.861,1.328,-0.6096,0.335,0.01401,0.794,         ,         ,0.312
 2CXO J002408.1-720447, 00 24 08.19,-72 04 47.75,FALSE,3.626E-07,2.336E-08,8.751E-08,1.269E-07,3.842E-16,0,1.76E-16,2.13E-16,5.097E-07,3.059E-08,7.286E-08,2.683E-07,         ,         ,         ,         ,7.703E-16,         ,         ,2.039E-16,1.003E-15,         ,         ,1.912E-16,7.731E-16,         ,         ,2.013E-16,9.691E-16,         ,         ,2.004E-16,         ,         ,         ,         ,         ,         ,         ,         ,         ,         ,         ,         ,         ,         ,         ,-0.5572,0.375,         ,-0.2149,0.532,         ,0.807,         ,         ,0.681
 2CXO J002408.5-720438, 00 24 08.56,-72 04 38.90,FALSE,5.614E-07,9.093E-08,1.105E-07,1.98E-07,8.376E-16,3.234E-16,2.444E-16,3.268E-16,2.867E-07,         ,5.347E-08,1.316E-07,         ,         ,         ,         ,1.194E-15,         ,         ,3.25E-16,1.553E-15,         ,         ,3.047E-16,1.198E-15,         ,         ,3.207E-16,1.501E-15,         ,         ,3.193E-16,         ,         ,         ,         ,         ,         ,         ,         ,         ,         ,         ,         ,         ,         ,         ,-0.0162,0.829,1.272,-0.2998,0.288,0.6619,0.968,         ,         ,0.815
 2CXO J002409.2-720428, 00 24 09.21,-72 04 28.88,FALSE,5.438E-07,2.147E-08,1.063E-07,2.47E-07,7.6E-16,1.513E-16,2.623E-16,4.139E-16,5.281E-07,2.105E-08,1.045E-07,2.396E-07,7.554E-16,1.482E-16,2.581E-16,4.048E-16,1.154E-15,         ,2.593E-16,4.075E-16,1.472E-15,         ,2.711E-16,3.753E-16,1.153E-15,         ,2.612E-16,4.006E-16,1.437E-15,         ,2.638E-16,3.977E-16,         ,         ,         ,         ,         ,         ,         ,         ,         ,         ,         ,         ,         ,         ,         ,-0.5971,0.38,0.4848,-0.401,0.718,0.1717,0.988,         ,0.591,0.939
 2CXO J002409.8-720359, 00 24 09.85,-72 03 59.71,FALSE,8.258E-07,6.857E-08,1.243E-07,3.749E-07,1.209E-15,4.03E-16,3.001E-16,6.006E-16,8.031E-07,6.738E-08,1.232E-07,3.735E-07,1.186E-15,3.886E-16,2.859E-16,5.857E-16,1.722E-15,         ,2.95E-16,6.122E-16,2.195E-15,         ,3.084E-16,5.635E-16,1.721E-15,         ,2.972E-16,6.016E-16,2.145E-15,         ,3.001E-16,5.973E-16,         ,         ,         ,         ,         ,         ,         ,         ,         ,         ,         ,         ,         ,         ,         ,-0.2673,0.713,0.4278,-0.5034,0.294,0.114,0.979,         ,0.787,0.985
 2CXO J002411.1-720520, 00 24 11.14,-72 05 20.24,FALSE,1.024E-06,0,1.542E-07,5.35E-07,1.193E-15,0,3.42E-16,9.154E-16,1.011E-06,0,1.461E-07,5.349E-07,1.173E-15,0,3.236E-16,9.027E-16,2.166E-15,         ,3.726E-16,8.732E-16,2.765E-15,         ,3.897E-16,8.049E-16,2.164E-15,         ,3.753E-16,8.584E-16,2.699E-15,         ,3.79E-16,8.526E-16,         ,         ,         ,         ,         ,         ,         ,         ,         ,         ,         ,         ,         ,         ,         ,-0.9994,0.008,0.2291,-0.5522,0.329,0.131,0.941,         ,0.902,0.834
 2CXO J002413.9-720443, 00 24 13.91,-72 04 43.86,FALSE,8.58E-07,6.952E-08,1.378E-07,3.847E-07,1.2E-15,2.509E-16,         ,         ,8.206E-07,6.859E-08,1.299E-07,3.783E-07,         ,         ,         ,         ,1.795E-15,         ,3.177E-16,6.271E-16,2.308E-15,         ,3.318E-16,5.818E-16,1.797E-15,         ,3.2E-16,6.173E-16,2.245E-15,         ,3.232E-16,6.136E-16,         ,         ,         ,         ,         ,         ,         ,         ,         ,         ,         ,         ,         ,         ,         ,-0.3136,0.198,0.5172,-0.4747,0.182,0.4896,0.464,         ,0.673,0.471
 2CXO J002416.5-720425, 00 24 16.52,-72 04 25.24,FALSE,5.73E-07,3.897E-08,6.719E-08,2.938E-07,9.138E-16,2.367E-16,1.655E-16,4.992E-16,5.436E-07,3.356E-08,6.749E-08,2.773E-07,         ,         ,         ,         ,1.2E-15,         ,         ,4.753E-16,1.555E-15,         ,         ,4.443E-16,1.203E-15,         ,         ,4.686E-16,1.507E-15,         ,         ,4.662E-16,         ,         ,         ,         ,         ,         ,         ,         ,         ,         ,         ,         ,         ,         ,         ,-0.2174,0.853,1.744,-0.6321,0.707,1.614,0.492,         ,         ,0.62
 2CXO J002422.3-720117, 00 24 22.39,-72 01 17.39,FALSE,5.144E-07,5.266E-08,8.83E-08,2.508E-07,9.86E-16,4.35E-16,2.046E-16,4.317E-16,4.683E-07,4.328E-08,8.01E-08,2.259E-07,9.716E-16,3.945E-16,1.768E-16,3.644E-16,1.184E-15,         ,         ,4.181E-16,1.456E-15,         ,         ,3.755E-16,1.173E-15,         ,         ,4.083E-16,1.454E-15,         ,         ,4.034E-16,         ,         ,         ,         ,         ,         ,         ,         ,         ,         ,         ,         ,         ,         ,         ,-0.1824,0.354,0.2456,-0.4884,0.353,0.2391,0.999,         ,         ,0.71
 2CXO J010043.0-721133, 01 00 43.04,-72 11 33.72,FALSE,0.0002449,2.521E-05,6.365E-05,8.391E-05,4.466E-13,1.437E-13,1.551E-13,1.493E-13,         ,         ,         ,         ,         ,         ,         ,         ,5.923E-13,1.72E-13,1.606E-13,1.544E-13,6.491E-13,1.503E-13,1.676E-13,1.207E-13,5.71E-13,1.612E-13,1.616E-13,1.459E-13,6.889E-13,1.918E-13,1.64E-13,1.402E-13,3.942E-13,3.879,59.05,0.0006827,1.337,3.901E-13,0.4143,0.5038,0.001377,1.283,3.965E-13,1.03,29.34,0.0005971,1.037,-0.4322,0.487,0.1378,-0.1374,0.866,0.1539,0.996,0.94,0.921,0.985
 2CXO J010111.0-642230, 01 01 11.09,-64 22 30.64,FALSE,1.319E-05,1.029E-06,2.765E-06,9.122E-06,3.574E-14,5.439E-15,7.053E-15,2.464E-14,1.319E-05,1.029E-06,2.765E-06,9.122E-06,3.574E-14,5.439E-15,7.053E-15,2.464E-14,3.748E-14,         ,7.166E-15,1.948E-14,3.76E-14,         ,7.524E-15,1.392E-14,3.551E-14,         ,7.222E-15,1.803E-14,4.144E-14,         ,7.292E-15,1.711E-14,         ,         ,         ,         ,         ,         ,         ,         ,         ,         ,         ,         ,         ,         ,         ,-0.4447,         ,         ,-0.5572,         ,         ,0.147,         ,0.093,0.256
 2CXO J010808.3-143150, 01 08 08.35,-14 31 50.35,FALSE,4.493E-06,4.551E-07,8.331E-07,2.019E-06,8.082E-15,3.191E-15,1.921E-15,3.196E-15,4.493E-06,4.551E-07,8.331E-07,2.019E-06,8.082E-15,3.191E-15,1.921E-15,3.196E-15,1E-14,2.908E-15,2E-15,3.524E-15,1.243E-14,2.514E-15,2.078E-15,3.142E-15,9.941E-15,2.703E-15,2.012E-15,3.435E-15,1.225E-14,3.263E-15,2.032E-15,3.39E-15,         ,         ,         ,         ,         ,         ,         ,         ,         ,         ,         ,         ,         ,         ,         ,-0.2648,         ,         ,-0.4135,         ,         ,0.776,0.015,0.618,0.661
 2CXO J020537.9+644941, 02 05 37.94,+64 49 41.44,FALSE,0.0003598,0.0001205,8.257E-05,6.268E-05,1.114E-12,8.226E-13,2.052E-13,9.767E-14,0.000377,0.0001237,8.698E-05,6.608E-05,1.155E-12,8.459E-13,2.159E-13,1.028E-13,1.14E-12,8.038E-13,2.059E-13,9.407E-14,1.224E-12,6.884E-13,2.133E-13,8.819E-14,1.087E-12,7.449E-13,2.071E-13,9.33E-14,1.389E-12,9.06E-13,2.098E-13,9.351E-14,1.036E-12,1.829,39.52,0.0003123,1.003,9.099E-13,0.7731,2.131,0.0002555,3.417,1.024E-12,6.243,31.86,0.0003314,1.075,0.1874,0.96,0.03472,0.1374,0.017,0.005145,0.809,0.798,0.988,0.968
 2CXO J024818.6+602134, 02 48 18.65,+60 21 34.97,FALSE,1.992E-06,0,0,2.396E-06,3.911E-15,         ,         ,3.862E-15,1.992E-06,0,0,2.396E-06,3.911E-15,         ,         ,3.862E-15,6.923E-15,         ,         ,2.749E-15,6.803E-15,         ,         ,2.315E-15,6.526E-15,         ,         ,2.684E-15,8.116E-15,         ,         ,2.667E-15,         ,         ,         ,         ,         ,         ,         ,         ,         ,         ,         ,         ,         ,         ,         ,0.9981,         ,         ,-0.9994,         ,         ,0.6,         ,         ,0.6
 2CXO J035853.7+541313, 03 58 53.73,+54 13 13.75,FALSE,7.81E-06,2.503E-06,1.907E-06,1.269E-06,2.273E-14,1.708E-14,4.372E-15,1.735E-15,7.957E-06,2.71E-06,1.68E-06,1.563E-06,         ,         ,         ,         ,2.552E-14,1.687E-14,4.933E-15,1.387E-15,2.517E-14,1.472E-14,5.138E-15,1.169E-15,2.408E-14,1.581E-14,4.966E-15,1.353E-15,2.991E-14,1.888E-14,5.048E-15,1.341E-15,1.845E-14,1.855,35.17,5.764E-06,1.072,1.563E-14,0.7661,3.336E-06,4.75E-06,2.294,1.832E-14,7.324,22.53,5.623E-06,1.156,0.1374,0.225,0.2454,0.1936,0.827,0.3249,0.958,0.819,0.977,0.855
 2CXO J035926.0+541455, 03 59 26.07,+54 14 55.46,FALSE,2.23E-06,3.435E-07,5.951E-07,9.09E-07,5.738E-15,2.607E-15,1.4E-15,1.14E-15,2.351E-06,4.467E-07,5.823E-07,8.355E-07,6.153E-15,3.366E-15,1.412E-15,1.041E-15,7.467E-15,2.413E-15,1.541E-15,1.023E-15,7.339E-15,2.096E-15,1.6E-15,8.614E-16,7.036E-15,2.257E-15,1.551E-15,9.98E-16,8.767E-15,2.706E-15,1.577E-15,9.865E-16,3.886E-15,3.098,40.61,3.823E-06,1.197,3.6E-15,0.4454,2.4E-05,1.013E-05,1.294,3.839E-15,1.651,14.56,2.926E-06,1.205,-0.2573,0.912,0.6775,-0.2261,0.52,0.4088,0.925,0.451,0.966,0.485
 2CXO J041833.8+573222, 04 18 33.83,+57 32 22.99,FALSE,9.687E-06,9.654E-07,3.071E-06,3.116E-06,1.738E-14,4.885E-15,7.447E-15,5.071E-15,1.515E-05,         ,4.554E-06,         ,2.643E-14,1.343E-14,1.101E-14,5.887E-15,         ,         ,         ,         ,         ,         ,         ,         ,         ,         ,         ,         ,         ,         ,         ,         ,         ,         ,         ,         ,         ,         ,         ,         ,         ,         ,         ,         ,         ,         ,         ,-0.5209,1,1.014,-0.0062,0.999,0.2196,0.907,0.633,0.823,0.907
 2CXO J042001.9-502248, 04 20 01.96,-50 22 48.19,FALSE,9.586E-06,0,4.926E-07,6.377E-06,1.358E-14,0,1.043E-15,1.224E-14,9.586E-06,0,4.926E-07,6.377E-06,1.358E-14,0,1.043E-15,1.224E-14,2.042E-14,         ,1.186E-15,1.078E-14,2.628E-14,         ,1.236E-15,9.894E-15,2.045E-14,         ,1.195E-15,1.058E-14,2.54E-14,         ,1.206E-15,1.05E-14,         ,         ,         ,         ,         ,         ,         ,         ,         ,         ,         ,         ,         ,         ,         ,-0.9994,0.777,0.04382,-0.8545,0.193,0.01099,0.497,         ,0.891,0.617
 2CXO J043715.8-471508, 04 37 15.82,-47 15 08.64,FALSE,0.0003723,3.452E-05,6.11E-05,0.0001751,6.181E-13,1.748E-13,1.453E-13,2.992E-13,         ,         ,         ,0.0002063,         ,         ,         ,         ,8.077E-13,2.226E-13,1.468E-13,3.004E-13,1.024E-12,1.924E-13,1.528E-13,2.721E-13,8.062E-13,2.068E-13,1.478E-13,2.939E-13,9.975E-13,2.498E-13,1.492E-13,2.908E-13,5.563E-13,3.184,15.32,0.0003122,1.218,4.276E-13,0.2751,2.198E-07,0.008503,3.359,5.438E-13,1.272,4.815E-06,0.000346,1.134,-0.2773,1,0.4739,-0.4834,1,0.1409,0.949,0.852,0.962,0.827
 2CXO J050106.7+451634, 05 01 06.76,+45 16 34.09,FALSE,0.0008452,0.0002069,0.000272,0.0001603,2.004E-12,1.101E-12,6.733E-13,2.414E-13,0.0008454,         ,0.0002728,0.0001603,2E-12,         ,6.722E-13,2.39E-13,         ,1.378E-12,6.791E-13,2.291E-13,         ,1.179E-12,6.987E-13,2.057E-13,         ,1.277E-12,6.825E-13,2.252E-13,         ,1.552E-12,6.912E-13,2.232E-13,1.817E-12,3.319,89.74,0.002977,1.079,1.686E-12,0.5178,24.73,0.002968,1.891,1.798E-12,1.536,59.29,0.002079,1.125,-0.1349,         ,         ,0.2586,         ,         ,0.873,0.17,0.653,0.595
 2CXO J052600.9-660436, 05 26 00.90,-66 04 36.13,FALSE,0.0005238,9.558E-05,0.0001378,0.0001252,1.04E-12,5.199E-13,3.356E-13,1.941E-13,0.0005493,9.571E-05,0.0001398,0.0001518,1.128E-12,5.212E-13,3.419E-13,2.399E-13,         ,         ,         ,         ,         ,         ,         ,         ,         ,         ,         ,         ,         ,         ,         ,         ,         ,         ,         ,         ,         ,         ,         ,         ,         ,         ,         ,         ,         ,         ,         ,         ,0.664,0.02857,         ,0.906,0.03182,0.776,0.653,0.868,0.629
 2CXO J053747.4-691019, 05 37 47.41,-69 10 19.86,FALSE,0.001987,         ,0.0005061,0.0003957,4.903E-12,         ,1.175E-12,5.842E-13,0.001134,0.0003712,0.0002784,0.000206,3.424E-12,2.46E-12,6.854E-13,3.195E-13,4.052E-12,         ,1.161E-12,6.015E-13,5.263E-12,         ,1.201E-12,5.61E-13,4.061E-12,         ,1.168E-12,5.94E-13,5.138E-12,         ,1.178E-12,5.912E-13,3.89E-12,2.374,52.57,0.002184,1.795,3.331E-12,0.6147,10.17,0.0025,6.224,3.767E-12,2.821,38.86,0.00197,2.158,         ,1,0.1376,         ,1,0.1058,0.996,0.996,0.946,0.922
 2CXO J063049.4-283443, 06 30 49.42,-28 34 43.04,FALSE,2.731E-05,1.836E-06,4.45E-06,1.229E-05,4.357E-14,1.246E-14,1.09E-14,2.053E-14,2.731E-05,1.836E-06,4.45E-06,1.229E-05,4.357E-14,1.246E-14,1.09E-14,2.053E-14,5.779E-14,1.189E-14,1.074E-14,1.987E-14,7.553E-14,1.027E-14,1.121E-14,1.881E-14,5.804E-14,1.104E-14,1.082E-14,1.965E-14,7.302E-14,1.336E-14,1.092E-14,1.961E-14,3.685E-14,2.743,4.135,1.391E-05,1.202,2.666E-14,0.3278,1.734E-06,0.0002624,3.324,3.401E-14,1.254,2.677E-06,2.286E-05,1.219,-0.416,         ,         ,-0.4672,         ,         ,0.193,0.134,0.472,0.34
 2CXO J072916.3-144837, 07 29 16.39,-14 48 37.38,FALSE,9.37E-06,0,9.685E-07,5.931E-06,1.104E-14,         ,2.323E-15,9.396E-15,9.37E-06,0,9.685E-07,5.931E-06,1.104E-14,         ,2.323E-15,9.396E-15,2.946E-14,         ,         ,8.909E-15,3.172E-14,         ,         ,8.338E-15,2.811E-14,         ,         ,8.83E-15,3.588E-14,         ,         ,8.842E-15,         ,         ,         ,         ,         ,         ,         ,         ,         ,         ,         ,         ,         ,         ,         ,-0.9994,         ,         ,-0.7258,         ,         ,0.596,         ,         ,0.458
 2CXO J073751.2-303940, 07 37 51.24,-30 39 40.70,FALSE,1.661E-05,6.164E-07,2.235E-06,9.323E-06,2.527E-14,3.322E-15,5.209E-15,1.653E-14,1.661E-05,6.164E-07,2.235E-06,9.323E-06,2.527E-14,3.322E-15,5.209E-15,1.653E-14,4.953E-14,4.04E-15,5.489E-15,1.407E-14,5.426E-14,3.467E-15,5.686E-15,1.309E-14,4.75E-14,3.746E-15,5.523E-15,1.391E-14,6.04E-14,4.549E-15,5.592E-15,1.387E-14,2.216E-14,3.766,13.26,1.278E-05,1.013,1.764E-14,0.2194,1.524E-06,0.0009984,2.227,2.086E-14,0.7247,4.231E-06,2.523E-05,1.054,-0.5646,0.953,0.2299,-0.6146,0.546,0.08452,0.581,0.323,0.778,0.385
 2CXO J080623.3-412230, 08 06 23.39,-41 22 30.58,FALSE,0.0001893,4.433E-07,8.45E-06,0.000171,         ,2.388E-15,1.996E-14,6.302E-13,0.0002026,6.711E-07,9.078E-06,0.0001748,         ,3.528E-15,2.121E-14,6.506E-13,5.795E-13,         ,2.26E-14,2.337E-13,5.995E-13,         ,2.375E-14,2.033E-13,5.513E-13,         ,2.278E-14,2.281E-13,6.866E-13,         ,2.313E-14,2.255E-13,4.967E-13,7.196,24.28,0.0002166,1.247,2.842E-13,0.1529,2.204E-07,0.09649,5.75,5.108E-13,0.2044,5.715E-06,0.007468,1.031,-0.8994,0.713,0.00394,-0.9057,0.473,0.005973,0.647,0.307,0.322,0.602
 2CXO J085536.1-464413, 08 55 36.15,-46 44 13.59,FALSE,2.933E-05,1.268E-05,6.93E-06,3.718E-06,1.156E-13,9.588E-14,1.6E-14,5.587E-15,2.933E-05,1.268E-05,6.93E-06,3.718E-06,1.156E-13,9.588E-14,1.6E-14,5.587E-15,1.037E-13,8.091E-14,1.652E-14,4.704E-15,1.028E-13,6.896E-14,1.695E-14,4.149E-15,9.723E-14,7.49E-14,1.66E-14,4.634E-15,1.238E-13,9.139E-14,1.683E-14,4.618E-15,1.039E-13,1.126,26.74,1.336E-05,0.845,9.136E-14,1.07,5.141E-06,7.766E-06,1.576,1.025E-13,100,30.59,3.718E-05,0.876,0.2948,         ,         ,0.2998,         ,         ,0.301,0.18,0.232,0.105
 2CXO J090835.4-491305, 09 08 35.41,-49 13 05.46,FALSE,1.551E-06,7.113E-07,2.752E-07,0,6.433E-15,5.792E-15,7.918E-16,0,1.551E-06,7.113E-07,2.752E-07,0,6.433E-15,5.792E-15,7.918E-16,0,5.679E-15,5.089E-15,         ,         ,5.473E-15,4.422E-15,         ,         ,5.33E-15,4.763E-15,         ,         ,6.652E-15,5.706E-15,         ,         ,         ,         ,         ,         ,         ,         ,         ,         ,         ,         ,         ,         ,         ,         ,         ,0.456,         ,         ,0.0725,         ,         ,0.787,0.974,         ,         
 2CXO J104432.8-573719, 10 44 32.86,-57 37 19.10,FALSE,1.11E-05,1.89E-06,1.489E-06,8.126E-06,3.22E-14,1.054E-14,3.691E-15,1.943E-14,1.11E-05,1.89E-06,1.489E-06,8.126E-06,3.22E-14,1.054E-14,3.691E-15,1.943E-14,3.926E-14,1.35E-14,4.097E-15,8.934E-15,3.827E-14,1.177E-14,4.26E-15,7.443E-15,3.697E-14,1.265E-14,4.124E-15,8.716E-15,4.592E-14,1.511E-14,4.194E-15,8.659E-15,         ,         ,         ,         ,         ,         ,         ,         ,         ,         ,         ,         ,         ,         ,         ,0.1387,         ,         ,-0.7083,         ,         ,0.446,0.701,0.776,0.834
 2CXO J105758.9-522656, 10 57 58.98,-52 26 56.76,FALSE,0.0001126,6.032E-06,1.248E-05,9.867E-05,5.794E-13,3.984E-14,3.064E-14,5.089E-13,0.0001126,6.032E-06,1.248E-05,9.867E-05,5.794E-13,3.984E-14,3.064E-14,5.089E-13,3.265E-13,4.183E-14,3.291E-14,1.535E-13,3.406E-13,3.68E-14,3.45E-14,1.242E-13,3.12E-13,3.928E-14,3.316E-14,1.466E-13,3.806E-13,4.665E-14,3.357E-14,1.419E-13,3.601E-13,4.704,9.834E-08,9.436E-05,2.207,2.069E-13,0.1585,1.836E-07,0.05746,6.469,3.056E-13,0.27,1.649E-06,0.002082,4.414,-0.346,         ,         ,-0.7758,         ,         ,0.485,0.701,0.722,0.431
 2CXO J110526.2-610749, 11 05 26.24,-61 07 49.02,FALSE,6.325E-07,0,3.171E-07,0,0,         ,7.566E-16,0,8.447E-07,2.59E-07,2.643E-07,1.198E-07,7.005E-16,0,6.797E-16,2.001E-16,         ,         ,         ,         ,         ,         ,         ,         ,         ,         ,         ,         ,         ,         ,         ,         ,         ,         ,         ,         ,         ,         ,         ,         ,         ,         ,         ,         ,         ,         ,         ,-0.9994,0.831,4.473E-09,0.1499,0.508,1.806E-07,         ,         ,         ,         
 2CXO J111214.8-610330, 11 12 14.88,-61 03 30.72,FALSE,1.015E-05,5.368E-06,1.648E-06,3.774E-07,4.466E-14,4.029E-14,4.401E-15,4.664E-16,1.015E-05,5.368E-06,1.648E-06,3.774E-07,4.466E-14,4.029E-14,4.401E-15,4.664E-16,4.039E-14,3.827E-14,4.438E-15,4.397E-16,3.826E-14,3.284E-14,4.584E-15,3.589E-16,3.765E-14,3.562E-14,4.464E-15,4.305E-16,4.752E-14,4.31E-14,4.548E-15,4.311E-16,4E-14,1.447,107,9.864E-06,0.423,3.756E-14,1.171,26.35,2.552E-06,0.683,4.03E-14,13.58,109.1,1.441E-05,0.449,0.5334,0.162,0.009964,0.6221,0.203,0.03219,0.584,0.715,0.667,0.41
 2CXO J111914.2-612749, 11 19 14.28,-61 27 49.20,FALSE,1.559E-05,4.665E-06,5.171E-06,1.233E-06,4.202E-14,2.788E-14,1.253E-14,1.868E-15,1.666E-05,5.032E-06,5.581E-06,         ,4.51E-14,3.02E-14,1.357E-14,         ,6.373E-14,3.159E-14,1.308E-14,1.663E-15,6.079E-14,2.676E-14,1.344E-14,1.414E-15,5.918E-14,2.918E-14,1.314E-14,1.638E-15,7.586E-14,3.578E-14,1.336E-14,1.645E-15,3.675E-14,3.019,115.7,5.482E-05,1.045,3.099E-14,0.5679,46,4.337E-05,1.933,3.522E-14,1.908,84.9,3.67E-05,1.274,-0.045,0.113,0.06247,0.6121,0.212,0.08383,0.849,0.75,0.587,0.786
 2CXO J122758.7-485343, 12 27 58.76,-48 53 43.33,FALSE,9.295E-05,3.52E-05,1.98E-05,2.165E-05,3.537E-13,2.68E-13,5.015E-14,3.936E-14,9.295E-05,3.52E-05,1.98E-05,2.165E-05,3.537E-13,2.68E-13,5.015E-14,3.936E-14,2.595E-13,2.291E-13,4.867E-14,3.888E-14,2.864E-13,1.978E-13,5.018E-14,3.225E-14,2.507E-13,2.129E-13,4.892E-14,3.726E-14,3.069E-13,2.573E-13,4.938E-14,3.622E-14,3.175E-13,1.09,2.935,3.474E-05,0.926,2.556E-13,0.8987,3.269E-07,4.046E-05,2.473,3.07E-13,100,7.018,9.939E-05,0.977,0.2811,         ,         ,-0.0462,         ,         ,1,0.997,0.983,0.952
 2CXO J123111.3-141143, 12 31 11.30,-14 11 43.92,FALSE,5.105E-05,3.456E-06,8.157E-06,3.896E-05,1.517E-13,2.114E-14,2.105E-14,1.095E-13,5.105E-05,3.456E-06,8.157E-06,3.896E-05,1.517E-13,2.114E-14,2.105E-14,1.095E-13,1.441E-13,2.371E-14,2.112E-14,8.139E-14,1.457E-13,2.094E-14,2.22E-14,5.881E-14,1.368E-13,2.229E-14,2.129E-14,7.552E-14,1.603E-13,2.64E-14,2.15E-14,7.18E-14,         ,         ,         ,         ,         ,         ,         ,         ,         ,         ,         ,         ,         ,         ,         ,-0.4035,         ,         ,-0.6596,         ,         ,0.748,0.801,0.709,0.386
 2CXO J130247.6-635008, 13 02 47.64,-63 50 08.55,FALSE,0.0003058,9.511E-05,7.074E-05,6.119E-05,9.778E-13,7.082E-13,1.845E-13,1.002E-13,0.0004018,         ,8.414E-05,7.026E-05,1.354E-12,         ,2.209E-13,1.181E-13,1.248E-12,6.987E-13,2.016E-13,5.383E-14,1.156E-12,6.036E-13,2.084E-13,3.962E-14,1.165E-12,6.531E-13,2.028E-13,5.21E-14,1.45E-12,7.856E-13,2.07E-13,5.236E-14,8.735E-13,1.795,33.96,0.000247,1.086,7.562E-13,0.7755,4.117E-07,0.000208,2.638,8.71E-13,7.466,24.5,0.0002582,1.173,0.1487,1,0.1155,0.0712,0.987,0.08218,0.996,0.95,0.983,0.748
 2CXO J130848.1+212707, 13 08 48.14,+21 27 07.13, TRUE,0.000353,2.201E-06,         ,0.0003128,1.312E-12,1.051E-14,         ,1.232E-12,         ,0,2.974E-06,5.63E-05,1.81E-13,0,3.602E-15,1.937E-13,9.158E-13,1.502E-14,         ,6.502E-13,9.691E-13,1.326E-14,         ,4.905E-13,8.774E-13,1.411E-14,         ,6.097E-13,1.037E-12,1.672E-14,         ,5.854E-13,4.294E-13,5.775,5.372,0.000105,2.259,2.23E-13,0.152,2.122E-07,0.07886,6.353,4.239E-13,0.2068,2.887E-06,0.005978,2.102,         ,0.233,4.395E-05,         ,         ,         ,0.439,0.624,0.554,0.558
 2CXO J131145.7-343030, 13 11 45.72,-34 30 30.17,FALSE,2.863E-05,8.826E-06,5.118E-06,8.396E-06,3.785E-14,2.881E-14,5.258E-15,4.983E-15,2.413E-05,7.014E-06,4.002E-06,8.044E-06,4.736E-14,3.376E-14,6.06E-15,7.257E-15,3.016E-14,2.402E-14,5.228E-15,6.731E-15,3.159E-14,2.119E-14,5.49E-15,5.036E-15,2.883E-14,2.258E-14,5.268E-15,6.296E-15,3.413E-14,2.672E-14,5.327E-15,6.019E-15,         ,         ,         ,         ,         ,         ,         ,         ,         ,         ,         ,         ,         ,         ,         ,0.2761,0.616,0.1123,-0.2686,0.579,0.09108,0.628,0.541,0.539,0.675
 2CXO J135702.5-642929, 13 57 02.53,-64 29 29.94,FALSE,2.912E-05,5.287E-06,5.896E-06,1.173E-05,7.092E-14,3.695E-14,1.499E-14,1.98E-14,2.912E-05,5.287E-06,5.896E-06,1.173E-05,7.092E-14,3.695E-14,1.499E-14,1.98E-14,1.008E-13,3.76E-14,1.618E-14,1.401E-14,9.94E-14,3.276E-14,1.691E-14,1.195E-14,9.496E-14,3.521E-14,1.63E-14,1.371E-14,1.186E-13,4.211E-14,1.658E-14,1.367E-14,6.127E-14,2.332,11.93,2.22E-05,1.26,3.726E-14,0.3744,1.488E-06,0.0002113,3.501,5.938E-14,3.036,5.585E-06,2.03E-05,1.487,-0.0537,         ,         ,-0.3348,         ,         ,0.733,0.399,0.314,0.982
 2CXO J140045.7-632542, 14 00 45.70,-63 25 42.98,FALSE,0.0002525,0.0001793,3.06E-05,2.417E-06,1.454E-12,1.393E-12,8.23E-14,3.923E-15,0.0002533,0.0001782,2.975E-05,2.462E-06,1.453E-12,1.394E-12,8.038E-14,4.108E-15,1.145E-12,1.255E-12,7.954E-14,2.849E-15,1.055E-12,1.059E-12,8.114E-14,2.185E-15,1.057E-12,1.159E-12,7.988E-14,2.778E-15,1.352E-12,1.425E-12,8.127E-14,2.777E-15,1.327E-12,1.491,221.2,0.0003921,0.955,1.27E-12,1.243,112.9,7.576E-05,1.117,1.321E-12,21.7,210.8,0.0005427,0.953,0.7083,0.707,0.0222,0.8532,0.862,0.2025,0.977,0.849,0.881,0.968
 2CXO J141255.8+792203, 14 12 55.81,+79 22 03.73,FALSE,0.0004456,1.049E-05,6.892E-05,0.000254,6.665E-13,4.602E-14,1.607E-13,4.532E-13,0.0004456,1.049E-05,6.892E-05,0.000254,6.665E-13,4.602E-14,1.607E-13,4.532E-13,1.019E-12,6.764E-14,1.664E-13,4.463E-13,1.254E-12,5.844E-14,1.73E-13,3.959E-13,1.01E-12,6.285E-14,1.675E-13,4.345E-13,1.246E-12,7.592E-14,1.691E-13,4.284E-13,6.098E-13,5.016,37.5,0.0008319,1.293,5.693E-13,0.2357,1.787E-07,0.02246,1.595,6.045E-13,0.561,8.698,0.001424,1.006,-0.7345,         ,         ,-0.5734,         ,         ,0.085,0.076,0.181,0.017
 2CXO J141730.5-440257, 14 17 30.55,-44 02 57.25,FALSE,0.0001719,5.321E-05,3.752E-05,3.962E-05,3.04E-13,2.099E-13,6.347E-14,3.679E-14,0.0001719,5.321E-05,3.752E-05,3.962E-05,3.04E-13,2.099E-13,6.347E-14,3.679E-14,2.931E-13,2.272E-13,6.027E-14,4.852E-14,3.041E-13,1.992E-13,6.31E-14,3.618E-14,2.795E-13,2.13E-13,6.071E-14,4.534E-14,3.324E-13,2.536E-13,6.141E-14,4.325E-14,         ,         ,         ,         ,         ,         ,         ,         ,         ,         ,         ,         ,         ,         ,         ,0.1849,         ,         ,-0.055,         ,         ,0.972,0.992,0.361,0.264
 2CXO J142008.1-604817, 14 20 08.19,-60 48 17.33,FALSE,9.574E-06,6.658E-06,3.151E-07,4.765E-08,6.833E-14,6.856E-14,9.907E-16,         ,9.574E-06,6.658E-06,3.151E-07,4.765E-08,6.833E-14,6.856E-14,9.907E-16,         ,4.198E-14,4.947E-14,9.291E-16,         ,3.832E-14,4.257E-14,9.598E-16,         ,3.908E-14,4.62E-14,9.35E-16,         ,4.872E-14,5.571E-14,9.557E-16,         ,5.219E-14,0.034,197.4,1.912E-06,0.852,4.833E-14,3.287,119.6,2.571E-07,0.954,5.133E-14,100,439.8,3.202E-05,1.473,0.9094,0.586,0.004473,0.7358,0.571,0.2524,0.897,0.817,0.846,         
 2CXO J142958.5-591136, 14 29 58.50,-59 11 36.03,FALSE,2.76E-06,1.868E-06,3.663E-07,1.358E-07,1.809E-14,1.759E-14,9.257E-16,3.019E-16,2.76E-06,1.868E-06,3.663E-07,1.358E-07,1.809E-14,1.759E-14,9.257E-16,3.019E-16,1.091E-14,1.274E-14,         ,         ,1.057E-14,1.083E-14,         ,         ,1.018E-14,1.178E-14,         ,         ,1.297E-14,1.44E-14,         ,         ,         ,         ,         ,         ,         ,         ,         ,         ,         ,         ,         ,         ,         ,         ,         ,0.6783,         ,         ,0.446,         ,         ,0.295,0.335,         ,         
 2CXO J145600.0-684339, 14 56 00.03,-68 43 39.40,FALSE,1.558E-05,2.294E-06,3.658E-06,5.503E-06,3.244E-14,1.397E-14,9.049E-15,9.245E-15,1.558E-05,2.294E-06,3.658E-06,5.503E-06,3.244E-14,1.397E-14,9.049E-15,9.245E-15,4.139E-14,1.495E-14,8.949E-15,9.046E-15,4.77E-14,1.287E-14,9.274E-15,8.115E-15,4.029E-14,1.388E-14,9.003E-15,8.835E-15,5.051E-14,1.68E-14,9.099E-15,8.723E-15,2.816E-14,2.827,25.48,1.731E-05,0.302,2.226E-14,0.4069,1.91E-06,8.854E-05,1.055,2.606E-14,1.698,10.39,1.684E-05,0.335,-0.2361,         ,         ,-0.2036,         ,         ,0.727,0.028,0.178,0.848
 2CXO J150927.1-585056, 15 09 27.16,-58 50 56.26,FALSE,6.649E-06,3.4E-06,1.029E-06,4.256E-07,2.91E-14,2.641E-14,2.779E-15,5.864E-16,6.649E-06,3.4E-06,1.029E-06,4.256E-07,2.91E-14,2.641E-14,2.779E-15,5.864E-16,2.787E-14,2.45E-14,2.885E-15,4.115E-16,2.574E-14,2.105E-14,2.974E-15,3.044E-16,2.594E-14,2.284E-14,2.902E-15,3.989E-16,3.249E-14,2.761E-14,2.96E-15,4.008E-16,2.55E-14,1.28,81.39,4.692E-06,0.809,2.422E-14,1.228,11.06,1.32E-06,0.899,2.632E-14,74.36,79.15,1.023E-05,0.806,0.5322,0.072,0.02224,0.4147,0.103,0.06381,0.675,0.769,0.764,0.719
 2CXO J151419.0-494615, 15 14 19.08,-49 46 15.95,FALSE,2.616E-06,3.637E-07,6.082E-07,1.118E-06,4.925E-15,2.554E-15,1.402E-15,1.633E-15,2.616E-06,3.637E-07,6.082E-07,1.118E-06,4.925E-15,2.554E-15,1.402E-15,1.633E-15,7.324E-15,         ,         ,1.8E-15,8.219E-15,         ,         ,1.608E-15,7.08E-15,         ,         ,1.757E-15,8.893E-15,         ,         ,1.733E-15,         ,         ,         ,         ,         ,         ,         ,         ,         ,         ,         ,         ,         ,         ,         ,-0.2174,         ,         ,-0.3385,         ,         ,0.919,         ,         ,0.431
 2CXO J153127.8-561055, 15 31 27.90,-56 10 55.33,FALSE,5.54E-06,2.045E-06,1.562E-06,0,1.872E-14,1.529E-14,4.132E-15,         ,5.54E-06,2.045E-06,1.562E-06,0,1.872E-14,1.529E-14,4.132E-15,         ,2.339E-14,         ,4.502E-15,         ,2.143E-14,         ,4.659E-15,         ,2.177E-14,         ,4.531E-15,         ,2.718E-14,         ,4.633E-15,         ,         ,         ,         ,         ,         ,         ,         ,         ,         ,         ,         ,         ,         ,         ,         ,0.1537,         ,         ,0.9994,         ,         ,0.075,         ,0.458,         
 2CXO J155054.1-541823, 15 50 54.11,-54 18 23.94,FALSE,0.0006114,0.0004659,5.697E-05,3.628E-06,3.975E-12,3.865E-12,1.614E-13,6.793E-15,         ,         ,6.775E-05,4.103E-06,         ,         ,1.921E-13,7.28E-15,3.138E-12,3.395E-12,1.525E-13,3.442E-15,2.788E-12,2.835E-12,1.546E-13,2.191E-15,2.879E-12,3.124E-12,1.531E-13,3.293E-15,3.695E-12,3.873E-12,1.559E-13,3.281E-15,3.352E-12,2.124,361.6,0.00283,1.878,3.111E-12,1.048,202,0.0003958,3.345,3.337E-12,6.4,312.9,0.001913,2.12,0.782,0.956,0.07126,0.8807,0.567,0.03977,0.293,0.705,0.947,0.534
 2CXO J161436.5-223031, 16 14 36.51,-22 30 31.06,FALSE,1.493E-05,5.719E-07,2.801E-06,7.608E-06,2.187E-14,2.495E-15,6.432E-15,1.312E-14,1.493E-05,5.719E-07,2.801E-06,7.608E-06,2.187E-14,2.495E-15,6.432E-15,1.312E-14,3.6E-14,3.71E-15,6.799E-15,1.28E-14,4.351E-14,3.201E-15,7.062E-15,1.156E-14,3.549E-14,3.446E-15,6.842E-15,1.252E-14,4.429E-14,4.167E-15,6.912E-15,1.238E-14,         ,         ,         ,         ,         ,         ,         ,         ,         ,         ,         ,         ,         ,         ,         ,-0.6533,         ,         ,-0.466,         ,         ,0.013,0.145,0.743,0.233
 2CXO J161729.3-505512, 16 17 29.35,-50 55 12.82,FALSE,0.0003833,0.0002487,1.926E-05,2.429E-06,2.115E-12,2.082E-12,5.393E-14,6.772E-15,0.0003728,0.0002453,1.781E-05,1.748E-06,2.11E-12,2.081E-12,5.233E-14,4.208E-15,1.633E-12,1.799E-12,5.306E-14,1.568E-15,1.461E-12,1.532E-12,5.452E-14,9.753E-16,1.514E-12,1.674E-12,5.337E-14,1.493E-15,1.898E-12,2.038E-12,5.459E-14,1.495E-15,1.955E-12,1.21,313.3,0.0004244,0.96,1.899E-12,1.51,182.6,6.303E-05,1.075,1.962E-12,100,319.9,0.001097,0.964,0.8557,0.835,0.008247,0.7733,0.734,0.09652,0.968,0.95,0.807,0.985
 2CXO J162338.2-263154, 16 23 38.21,-26 31 54.08,FALSE,1.457E-06,1.237E-07,3.415E-07,5.779E-07,3.056E-15,1.304E-15,8.133E-16,9.75E-16,1.457E-06,1.237E-07,3.415E-07,5.779E-07,3.056E-15,1.304E-15,8.133E-16,9.75E-16,3.498E-15,         ,8.257E-16,9.438E-16,4.28E-15,         ,8.586E-16,8.739E-16,3.456E-15,         ,8.311E-16,9.288E-16,4.348E-15,         ,8.395E-16,9.231E-16,         ,         ,         ,         ,         ,         ,         ,         ,         ,         ,         ,         ,         ,         ,         ,-0.4422,0.458,0.1741,-0.2673,0.597,0.2443,0.752,         ,0.572,0.972
 2CXO J162806.9-320548, 16 28 06.99,-32 05 48.95,FALSE,2.559E-05,7.645E-06,4.651E-06,8.424E-06,9.043E-14,6.486E-14,1.099E-14,1.389E-14,2.559E-05,7.645E-06,4.651E-06,8.424E-06,9.043E-14,6.486E-14,1.099E-14,1.389E-14,6.862E-14,4.973E-14,1.137E-14,1.437E-14,7.783E-14,4.287E-14,1.176E-14,1.246E-14,6.662E-14,4.618E-14,1.144E-14,1.392E-14,8.267E-14,5.586E-14,1.155E-14,1.365E-14,6.8E-14,1.494,1.453,1.16E-05,0.59,3.772E-14,0.5862,8.818E-07,3.749E-05,4.119,6.635E-14,13.36,7.457E-06,1.612E-05,0.678,0.2511,         ,         ,-0.2948,         ,         ,0.842,0.557,0.983,0.444
 2CXO J163551.8-473523, 16 35 51.82,-47 35 23.35,FALSE,1.282E-05,1.167E-05,         ,         ,1.025E-13,1.044E-13,         ,         ,1.397E-05,1.178E-05,7.571E-08,         ,         ,         ,         ,         ,6.409E-14,8.403E-14,         ,         ,5.735E-14,7.038E-14,         ,         ,5.886E-14,7.74E-14,         ,         ,7.552E-14,9.571E-14,         ,         ,5.904E-14,3.606,1394,0.001425,1.775,6.181E-14,0.9739,844.4,2.434E-05,2.143,6.45E-14,2.728,1111,0.0002005,1.912,         ,         ,         ,         ,0.514,1.999,0.808,0.841,         ,         
 2CXO J164043.5-463135, 16 40 43.52,-46 31 35.21,FALSE,1.385E-05,1.007E-05,6.125E-08,0,9.125E-14,9.319E-14,2.201E-16,         ,1.555E-05,1.153E-05,6.372E-08,0,1.023E-13,1.049E-13,2.029E-16,0,5.555E-14,6.775E-14,         ,         ,5.008E-14,5.812E-14,         ,         ,5.161E-14,6.32E-14,         ,         ,6.437E-14,7.643E-14,         ,         ,4.611E-14,1.597,1331,5.49E-05,2.251,5.562E-14,1.709,914.6,2.602E-06,2.179,7.002E-14,13.58,1359,6.746E-05,2.243,0.9881,         ,         ,0.07,0.243,1.999,0.918,0.94,         ,         
 2CXO J164710.2-455217, 16 47 10.22,-45 52 17.05,FALSE,6.269E-05,3.109E-05,1.569E-05,1.666E-06,2.122E-13,1.716E-13,4.148E-14,2.596E-15,0.0006365,         ,         ,2.471E-06,         ,         ,         ,3.885E-15,2.992E-13,2.193E-13,4.106E-14,1.862E-15,2.703E-13,1.841E-13,4.183E-14,1.312E-15,2.753E-13,2.021E-13,4.124E-14,1.801E-15,3.528E-13,2.495E-13,4.201E-14,1.801E-15,1.856E-13,3.743,284.5,0.001044,1.147,1.775E-13,0.6164,126.6,0.0002226,1.241,1.824E-13,1.54,208.3,0.0004059,1.099,0.331,1,0.06215,0.807,0.888,0.06786,0.101,0.594,0.934,0.942
 2CXO J165839.3-532406, 16 58 39.35,-53 24 06.95,FALSE,7.368E-06,4.941E-07,1.805E-06,3.786E-06,1.138E-14,0,3.966E-15,6.53E-15,7.368E-06,4.941E-07,1.805E-06,3.786E-06,1.138E-14,0,3.966E-15,6.53E-15,2.124E-14,         ,4.507E-15,6.252E-15,2.364E-14,         ,4.653E-15,5.503E-15,2.05E-14,         ,4.531E-15,6.082E-15,2.567E-14,         ,4.578E-15,5.981E-15,         ,         ,         ,         ,         ,         ,         ,         ,         ,         ,         ,         ,         ,         ,         ,-0.5122,         ,         ,-0.376,         ,         ,0.228,         ,0.588,0.694
 2CXO J170252.4-412848, 17 02 52.49,-41 28 48.25,FALSE,2.547E-06,1.212E-06,6.842E-07,0,6.868E-15,5.159E-15,1.869E-15,         ,2.547E-06,1.212E-06,6.842E-07,0,6.868E-15,5.159E-15,1.869E-15,         ,1.153E-14,8.362E-15,         ,         ,1.057E-14,7.043E-15,         ,         ,1.063E-14,7.715E-15,         ,         ,1.362E-14,9.499E-15,         ,         ,         ,         ,         ,         ,         ,         ,         ,         ,         ,         ,         ,         ,         ,         ,         ,0.3385,         ,         ,0.9994,         ,         ,0.077,0.462,         ,         
 2CXO J170942.7-442908, 17 09 42.72,-44 29 08.44,FALSE,0.0001299,2.648E-05,2.81E-05,3.974E-05,3.291E-13,1.96E-13,6.981E-14,6.615E-14,0.0001285,2.522E-05,2.717E-05,4.023E-05,3.118E-13,1.877E-13,6.651E-14,6.512E-14,         ,         ,         ,         ,         ,         ,         ,         ,         ,         ,         ,         ,         ,         ,         ,         ,         ,         ,         ,         ,         ,         ,         ,         ,         ,         ,         ,         ,         ,         ,         ,-0.03,1,0.1988,-0.1724,0.993,0.1234,0.998,0.757,0.913,0.973
 2CXO J171405.7-381030, 17 14 05.74,-38 10 30.95,FALSE,0.0003126,0.0001773,3.744E-05,2.693E-06,7.395E-13,6.874E-13,6.128E-14,3.263E-15,0.0003126,0.0001773,3.744E-05,2.693E-06,7.395E-13,6.874E-13,6.128E-14,3.263E-15,6.936E-13,7.154E-13,5.885E-14,1.532E-15,6.496E-13,6.177E-13,6.119E-14,1.188E-15,6.474E-13,6.681E-13,5.926E-14,1.491E-15,8.103E-13,8.048E-13,6.049E-14,1.502E-15,6.278E-13,3.202,377.8,0.002308,0.954,5.944E-13,0.7778,183.4,0.000277,1.284,6.206E-13,2.292,293.8,0.0008787,1.017,0.6508,         ,         ,0.8645,         ,         ,0.876,0.666,0.458,0.001
 2CXO J171810.0-371853, 17 18 10.02,-37 18 53.14,FALSE,3.24E-07,1.174E-07,1.306E-07,0,6.173E-16,3.29E-16,3.591E-16,         ,3.24E-07,1.174E-07,1.306E-07,0,6.173E-16,3.29E-16,3.591E-16,         ,         ,         ,         ,         ,         ,         ,         ,         ,         ,         ,         ,         ,         ,         ,         ,         ,         ,         ,         ,         ,         ,         ,         ,         ,         ,         ,         ,         ,         ,         ,         ,-0.0125,         ,         ,0.9994,         ,         ,0.681,         ,0.883,0.208
 2CXO J173117.5-184732, 17 31 17.59,-18 47 32.75,FALSE,2.71E-06,6.904E-07,7.812E-07,6.887E-07,8.57E-15,6.254E-15,1.824E-15,0,2.71E-06,6.904E-07,7.812E-07,6.887E-07,8.57E-15,6.254E-15,1.824E-15,0,7.713E-15,         ,         ,         ,8.03E-15,         ,         ,         ,7.37E-15,         ,         ,         ,8.901E-15,         ,         ,         ,         ,         ,         ,         ,         ,         ,         ,         ,         ,         ,         ,         ,         ,         ,         ,-0.0075,         ,         ,-0.1337,         ,         ,0.659,         ,         ,         
 2CXO J173233.5-313123, 17 32 33.55,-31 31 23.95,FALSE,1.052E-05,1.685E-06,2.127E-06,4.382E-06,2.262E-14,1.079E-14,5.181E-15,7.3E-15,1.052E-05,1.685E-06,2.127E-06,4.382E-06,2.262E-14,1.079E-14,5.181E-15,7.3E-15,4.204E-14,1.152E-14,5.438E-15,5.846E-15,4.067E-14,9.787E-15,5.58E-15,5.053E-15,3.918E-14,1.065E-14,5.465E-15,5.759E-15,5.006E-14,1.304E-14,5.55E-15,5.759E-15,         ,         ,         ,         ,         ,         ,         ,         ,         ,         ,         ,         ,         ,         ,         ,-0.1087,         ,         ,-0.3535,         ,         ,0.345,0.178,0.217,0.166
 2CXO J174025.9+100006, 17 40 25.95,+10 00 06.06,FALSE,2.803E-05,1.265E-06,3.036E-06,2.27E-05,9.598E-14,8.068E-15,7.602E-15,7.984E-14,3.258E-05,1.21E-06,3.052E-06,2.601E-05,9.403E-14,7.551E-15,7.51E-15,7.868E-14,7.559E-14,8.746E-15,7.893E-15,4.415E-14,7.961E-14,7.711E-15,8.298E-15,3.359E-14,7.235E-14,8.217E-15,7.956E-15,4.145E-14,8.629E-14,9.734E-15,8.044E-15,3.973E-14,7.056E-14,4.051,2.361E-06,2.22E-05,1.233,5.062E-14,0.1594,1.644E-06,0.01437,3.057,6.096E-14,0.353,2.197E-06,0.0002334,2.145,-0.4047,0.793,0.04724,-0.7658,0.914,0.07862,0.43,0.581,0.995,0.549
 2CXO J174429.4-113454, 17 44 29.40,-11 34 54.92,FALSE,1.345E-05,4.248E-07,2.942E-06,6.362E-06,1.944E-14,2.127E-15,7.037E-15,1.023E-14,1.345E-05,4.248E-07,2.942E-06,6.362E-06,1.944E-14,2.127E-15,7.037E-15,1.023E-14,3.5E-14,2.768E-15,7.181E-15,1.031E-14,4.088E-14,2.384E-15,7.451E-15,9.411E-15,3.417E-14,2.569E-15,7.225E-15,1.011E-14,4.299E-14,3.111E-15,7.304E-15,1.002E-14,1.619E-14,5.49,66.57,5.51E-05,1.72,1.521E-14,0.2645,10.82,0.0005244,1.488,1.538E-14,0.4893,33.24,0.0001047,1.565,-0.7458,         ,         ,-0.3685,         ,         ,0.266,0.362,0.502,0.373
 2CXO J174540.1-290029, 17 45 40.17,-29 00 29.78,FALSE,4.518E-06,3.16E-06,9.993E-08,3.257E-08,2.347E-14,2.357E-14,3.166E-16,3.737E-17,0.0002403,0.000187,1.166E-06,5.513E-07,1.458E-12,1.499E-12,3.37E-15,1.01E-15,1.609E-14,2.256E-14,         ,         ,1.57E-14,1.962E-14,         ,         ,1.512E-14,2.112E-14,         ,         ,1.891E-14,2.529E-14,         ,         ,2.083E-14,3.266,844.7,0.0001623,0.892,2.095E-14,0.9387,476.3,6.234E-06,0.908,2.15E-14,2.647,692.8,4.308E-05,0.895,0.9394,         ,         ,0.476,0.457,1.374,1,1,0.983,0.989
 2CXO J174722.7-280914, 17 47 22.78,-28 09 14.94,FALSE,1.602E-06,1.405E-06,0,0,1.686E-14,1.715E-14,0,0,1.723E-06,1.49E-06,0,0,1.617E-14,1.644E-14,0,0,5.537E-15,7.948E-15,         ,         ,5.266E-15,6.714E-15,         ,         ,5.132E-15,7.334E-15,         ,         ,6.608E-15,9.022E-15,         ,         ,         ,         ,         ,         ,         ,         ,         ,         ,         ,         ,         ,         ,         ,         ,         ,0.9994,         ,         ,-0.9994,         ,         ,0.182,0.299,         ,         
 2CXO J174804.8-244645, 17 48 04.81,-24 46 45.05,FALSE,6.636E-06,1.896E-06,2.51E-06,4.33E-07,1.692E-14,1.028E-14,6.335E-15,6.345E-16,8.374E-06,2.774E-06,2.888E-06,4.403E-07,2.021E-14,1.383E-14,7.218E-15,6.2E-16,2.243E-14,1.261E-14,6.269E-15,6.102E-16,2.318E-14,1.079E-14,6.454E-15,5.506E-16,2.123E-14,1.169E-14,6.301E-15,6.008E-16,2.694E-14,1.422E-14,6.383E-15,5.964E-16,1.122E-14,5.209,231.5,0.0002027,0.625,1.051E-14,0.3788,108.3,0.0001659,0.738,1.064E-14,0.743,157.4,0.000104,0.667,-0.1374,1,0.1553,0.7071,0.025,0.3304,0.997,0.999,0.847,0.974
 2CXO J174852.9-202138, 17 48 52.93,-20 21 38.42,FALSE,5.133E-06,3.073E-06,1.27E-06,3.975E-07,2.486E-14,2.5E-14,3.264E-15,5.681E-16,6.32E-06,3.38E-06,1.419E-06,5.67E-07,2.946E-14,2.733E-14,3.557E-15,8.33E-16,1.443E-14,2.032E-14,3.116E-15,6.277E-16,1.63E-14,1.748E-14,3.228E-15,5.736E-16,1.397E-14,1.885E-14,3.135E-15,6.164E-16,1.763E-14,2.285E-14,3.171E-15,6.111E-16,         ,         ,         ,         ,         ,         ,         ,         ,         ,         ,         ,         ,         ,         ,         ,0.4235,0.707,0.2858,0.5147,0.62,0.5769,0.833,0.539,0.614,0.849
 2CXO J180100.0-245127, 18 01 00.03,-24 51 27.70,FALSE,5.591E-05,4.485E-05,3.508E-06,1.94E-07,3.825E-13,3.778E-13,9.363E-15,2.994E-16,5.591E-05,4.485E-05,3.508E-06,1.94E-07,3.825E-13,3.778E-13,9.363E-15,2.994E-16,2.065E-13,3.049E-13,8.911E-15,         ,2.075E-13,2.597E-13,9.219E-15,         ,1.936E-13,2.821E-13,8.965E-15,         ,2.488E-13,3.446E-13,9.105E-15,         ,2.952E-13,1.327,300.8,8.061E-05,1.806,2.84E-13,1.408,163,1.248E-05,1.831,3.178E-13,54.48,295.9,0.0001552,1.803,0.8545,         ,         ,0.8944,         ,         ,0.078,0.064,0.708,         
 2CXO J180150.6-085733, 18 01 50.67,-08 57 33.73,FALSE,3.31E-06,1.229E-06,8.944E-07,3.935E-07,8.778E-15,6.18E-15,2.23E-15,5.924E-16,3.31E-06,1.229E-06,8.944E-07,3.935E-07,8.778E-15,6.18E-15,2.23E-15,5.924E-16,9.185E-15,8.067E-15,2.197E-15,         ,1.042E-14,6.939E-15,2.276E-15,         ,8.897E-15,7.486E-15,2.21E-15,         ,1.123E-14,9.073E-15,2.235E-15,         ,         ,         ,         ,         ,         ,         ,         ,         ,         ,         ,         ,         ,         ,         ,         ,0.1674,         ,         ,0.3823,         ,         ,0.389,0.473,0.336,         
 2CXO J180351.4-213707, 18 03 51.44,-21 37 07.23,FALSE,1.238E-05,6.552E-06,2.496E-06,7.239E-07,5.352E-14,4.659E-14,6.342E-15,1.083E-15,1.238E-05,6.552E-06,2.496E-06,7.239E-07,5.352E-14,4.659E-14,6.342E-15,1.083E-15,5.358E-14,4.576E-14,6.491E-15,9.506E-16,5.047E-14,3.869E-14,6.651E-15,7.817E-16,4.964E-14,4.225E-14,6.523E-15,9.333E-16,6.363E-14,5.189E-14,6.631E-15,9.366E-16,         ,         ,         ,         ,         ,         ,         ,         ,         ,         ,         ,         ,         ,         ,         ,0.4522,         ,         ,0.5534,         ,         ,0.758,0.692,0.282,0.517
 2CXO J180839.3-202439, 18 08 39.32,-20 24 39.63,FALSE,0.0006646,0.0005844,1.207E-05,1.036E-06,5.188E-12,5.24E-12,3.536E-14,1.624E-15,         ,         ,1.591E-05,1.816E-06,6.158E-12,         ,4.706E-14,2.219E-15,2.972E-12,4.095E-12,3.159E-14,1.399E-15,2.767E-12,3.455E-12,3.242E-14,1.12E-15,2.746E-12,3.779E-12,3.175E-14,1.371E-15,3.528E-12,4.649E-12,3.232E-14,1.379E-15,4.666E-12,1.856,699.3,0.003615,1.057,4.552E-12,1.345,453.2,0.0002778,1.301,4.666E-12,10.9,645.5,0.002981,1.083,0.9594,0.995,0.005318,0.8407,0.997,0.206,0.341,0.335,0.969,0.836
 2CXO J180943.1-191738, 18 09 43.13,-19 17 38.23,FALSE,2.248E-05,9.12E-06,4.759E-06,3.322E-06,9.08E-14,7.49E-14,1.214E-14,5.126E-15,2.248E-05,9.12E-06,4.759E-06,3.322E-06,9.08E-14,7.49E-14,1.214E-14,5.126E-15,1.041E-13,6.453E-14,1.248E-14,4.053E-15,9.555E-14,5.436E-14,1.275E-14,3.07E-15,9.601E-14,5.954E-14,1.254E-14,3.949E-15,1.23E-13,7.329E-14,1.276E-14,3.959E-15,7.871E-14,1.239,27.98,1.206E-05,0.305,6.526E-14,0.9527,1.894E-05,8.78E-06,1.198,8.313E-14,100,27.17,2.962E-05,0.314,0.3136,         ,         ,0.1761,         ,         ,0.159,0.609,0.956,0.424
 2CXO J180950.2-233222, 18 09 50.26,-23 32 22.86,FALSE,4.202E-05,1.008E-05,1.031E-05,1.135E-05,9.005E-14,6.024E-14,2.003E-14,1.201E-14,4.232E-05,9.034E-06,1.081E-05,1.081E-05,7.722E-14,4.885E-14,2.013E-14,1.115E-14,9.901E-14,5.529E-14,2.148E-14,1.235E-14,1.025E-13,4.851E-14,2.244E-14,1.042E-14,9.437E-14,5.191E-14,2.163E-14,1.194E-14,1.164E-13,6.163E-14,2.194E-14,1.165E-14,7.958E-14,2.099,27.29,2.95E-05,0.939,6.083E-14,0.6113,1.321E-06,4.579E-05,2.779,7.926E-14,4.632,13.72,2.619E-05,1.105,-0.0087,0.642,0.1502,-0.0525,0.677,0.1238,0.241,0.963,0.353,0.997
 2CXO J181129.2-192527, 18 11 29.25,-19 25 27.20,FALSE,0.0002179,0.000163,2.126E-05,1.637E-06,1.433E-12,1.399E-12,5.722E-14,2.714E-15,0.0002134,0.0001591,2.111E-05,1.745E-06,         ,         ,         ,         ,9.78E-13,1.149E-12,5.539E-14,1.893E-15,9.072E-13,9.702E-13,5.64E-14,1.476E-15,9.046E-13,1.061E-12,5.561E-14,1.847E-15,1.155E-12,1.303E-12,5.65E-14,1.846E-15,1.32E-12,1.01,205.7,0.0001912,1.05,1.273E-12,1.528,113.3,3.783E-05,1.259,1.281E-12,100,238.8,0.0006638,1.129,0.7695,0.914,0.1148,0.857,0.919,0.9213,0.809,0.793,0.969,0.939
 2CXO J181635.9+451033, 18 16 35.91,+45 10 33.98,FALSE,1.373E-06,0,3.2E-07,6.273E-07,2.404E-15,0,8.452E-16,1.137E-15,1.373E-06,0,3.2E-07,6.273E-07,2.404E-15,0,8.452E-16,1.137E-15,3.533E-15,         ,7.781E-16,1.174E-15,4.036E-15,         ,8.048E-16,9.786E-16,3.442E-15,         ,7.825E-16,1.127E-15,4.187E-15,         ,7.897E-16,1.098E-15,         ,         ,         ,         ,         ,         ,         ,         ,         ,         ,         ,         ,         ,         ,         ,-0.9744,         ,         ,-0.361,         ,         ,0.887,         ,0.008,0.937
 2CXO J182431.9-245211, 18 24 32.00,-24 52 11.01,FALSE,8.13E-05,3.484E-05,1.641E-05,1.242E-05,3.144E-13,2.597E-13,4.102E-14,2.02E-14,8.184E-05,3.46E-05,1.655E-05,1.257E-05,3.089E-13,2.553E-13,4.139E-14,2.033E-14,2.097E-13,2.288E-13,4.028E-14,2.047E-14,2.468E-13,1.971E-13,4.18E-14,1.858E-14,2.052E-13,2.124E-13,4.053E-14,2.005E-14,2.577E-13,2.572E-13,4.094E-14,1.986E-14,2.845E-13,1.164,21.83,3.71E-05,0.868,2.469E-13,0.968,1.522E-07,2.92E-05,1.658,2.779E-13,100,23.81,9.879E-05,0.882,0.3598,0.522,0.07264,0.1387,0.004,0.02667,0.986,0.733,0.915,0.873
 2CXO J182432.4-245208, 18 24 32.50,-24 52 08.14,FALSE,0.0001559,5.706E-05,3.44E-05,2.829E-05,5.282E-13,4.056E-13,8.578E-14,4.57E-14,0.0001221,4.412E-05,2.705E-05,2.202E-05,4.229E-13,3.213E-13,6.683E-14,3.562E-14,4.023E-13,3.748E-13,8.448E-14,4.664E-14,4.733E-13,3.228E-13,8.766E-14,4.232E-14,3.935E-13,3.478E-13,8.501E-14,4.568E-14,4.943E-13,4.214E-13,8.586E-14,4.523E-14,4.707E-13,1.554,28.08,9.918E-05,1.054,4.017E-13,0.811,2.031E-07,9.293E-05,2.24,4.662E-13,12.49,23.57,0.0001274,1.055,0.2473,0.819,0.04689,0.0962,0.696,0.5826,1,1,1,1
 2CXO J183613.7+592530, 18 36 13.70,+59 25 30.08,FALSE,1.336E-05,1.477E-06,1.633E-06,6.228E-06,2.568E-14,1.135E-14,4.253E-15,1.047E-14,1.336E-05,1.477E-06,1.633E-06,6.228E-06,2.568E-14,1.135E-14,4.253E-15,1.047E-14,2.782E-14,9.57E-15,3.938E-15,1.01E-14,3.675E-14,8.264E-15,4.109E-15,9.561E-15,2.802E-14,8.889E-15,3.966E-15,9.99E-15,3.518E-14,1.075E-14,4.003E-15,9.964E-15,         ,         ,         ,         ,         ,         ,         ,         ,         ,         ,         ,         ,         ,         ,         ,-0.0437,         ,         ,-0.5871,         ,         ,0.379,0.417,0.123,0.813
 2CXO J184119.3-045610, 18 41 19.32,-04 56 10.95,FALSE,0.0003167,0.0002217,4.042E-05,2.104E-06,2.249E-12,2.162E-12,1.12E-13,3.309E-15,0.000326,0.0002304,4.012E-05,2.294E-06,2.301E-12,2.217E-12,1.099E-13,3.745E-15,1.526E-12,1.584E-12,1.075E-13,2.61E-15,1.385E-12,1.329E-12,1.098E-13,1.896E-15,1.403E-12,1.46E-12,1.08E-13,2.534E-15,1.804E-12,1.803E-12,1.1E-13,2.542E-15,1.707E-12,1.104,175,0.000276,1.769,1.611E-12,1.479,86.81,5.205E-05,2.475,1.677E-12,100,188.2,0.0008195,1.804,0.6921,0.383,0.001761,0.9007,0.58,0.01647,0.764,0.274,0.829,0.715
 2CXO J184624.9-025830, 18 46 24.94,-02 58 30.04, TRUE,0.001001,0.0007868,7.234E-05,3.655E-06,6.927E-12,6.801E-12,2.035E-13,6.334E-15,         ,         ,5.19E-05,2.607E-06,         ,         ,1.451E-13,4.391E-15,4.852E-12,5.626E-12,1.911E-13,4.074E-15,4.383E-12,4.724E-12,1.945E-13,2.862E-15,4.464E-12,5.187E-12,1.919E-13,3.939E-15,5.72E-12,6.401E-12,1.954E-13,3.94E-15,6.158E-12,1.494,338,0.002068,1.358,5.886E-12,1.331,200.9,0.0003028,2.192,6.177E-12,29.09,319.1,0.002865,1.4,0.832,0.163,0.002975,0.9044,0.437,0.06215,0.856,0.848,0.832,0.947
 2CXO J184901.6-000117, 18 49 01.62,-00 01 17.58,FALSE,0.0002599,0.0002178,1.01E-05,1.046E-06,1.981E-12,1.996E-12,2.804E-14,1.988E-15,0.0002599,0.0002178,1.01E-05,1.046E-06,1.981E-12,1.996E-12,2.804E-14,1.988E-15,1.206E-12,1.531E-12,2.625E-14,1.14E-15,1.1E-12,1.29E-12,2.669E-14,8.372E-16,1.112E-12,1.413E-12,2.635E-14,1.107E-15,1.42E-12,1.739E-12,2.681E-14,1.104E-15,1.723E-12,0.991,380.5,0.0002873,0.871,1.687E-12,1.747,234.2,3.76E-05,0.985,1.708E-12,100,434.4,0.001055,0.907,0.9119,         ,         ,0.812,         ,         ,0.526,0.624,0.779,0.118
 2CXO J185650.9+024547, 18 56 50.91,+02 45 47.83,FALSE,5.515E-06,3.779E-06,1.781E-07,0,3.053E-14,3.054E-14,5.627E-16,0,5.533E-06,3.682E-06,1.89E-07,0,3.011E-14,3.004E-14,6.379E-16,0,2.284E-14,2.781E-14,         ,         ,2.106E-14,2.398E-14,         ,         ,2.129E-14,2.598E-14,         ,         ,2.656E-14,3.13E-14,         ,         ,         ,         ,         ,         ,         ,         ,         ,         ,         ,         ,         ,         ,         ,         ,         ,0.9132,         ,         ,0.9994,         ,         ,0.705,0.442,         ,         
 2CXO J190947.4-374414, 19 09 47.45,-37 44 14.33,FALSE,6.611E-06,0,1.055E-06,3.784E-06,8.904E-15,0,2.497E-15,6.126E-15,6.611E-06,0,1.055E-06,3.784E-06,8.904E-15,0,2.497E-15,6.126E-15,1.552E-14,         ,2.555E-15,6.473E-15,1.895E-14,         ,2.654E-15,5.811E-15,1.534E-14,         ,2.571E-15,6.32E-15,1.906E-14,         ,2.596E-15,6.243E-15,         ,         ,         ,         ,         ,         ,         ,         ,         ,         ,         ,         ,         ,         ,         ,-0.9994,         ,         ,-0.5709,         ,         ,0.315,         ,0.615,0.064
 2CXO J191052.4-595905, 19 10 52.41,-59 59 05.68,FALSE,1.297E-06,0,2.695E-07,7.129E-07,1.656E-15,0,6.563E-16,1.21E-15,1.862E-06,1.266E-07,2.197E-07,9.584E-07,2.889E-15,1.012E-15,5.354E-16,1.53E-15,         ,         ,         ,         ,         ,         ,         ,         ,         ,         ,         ,         ,         ,         ,         ,         ,         ,         ,         ,         ,         ,         ,         ,         ,         ,         ,         ,         ,         ,         ,         ,-0.9994,0.953,0.2765,-0.4685,0.703,0.1,0.924,         ,         ,0.8
 2CXO J191105.5-600059, 19 11 05.54,-60 00 59.76,FALSE,1.034E-06,8.059E-08,1.484E-07,4.979E-07,1.481E-15,0,3.094E-16,8.73E-16,1.034E-06,8.059E-08,1.484E-07,4.979E-07,1.481E-15,0,3.094E-16,8.73E-16,2.175E-15,         ,3.563E-16,8.056E-16,2.837E-15,         ,3.716E-16,7.578E-16,2.183E-15,         ,3.588E-16,7.955E-16,2.743E-15,         ,3.623E-16,7.925E-16,         ,         ,         ,         ,         ,         ,         ,         ,         ,         ,         ,         ,         ,         ,         ,-0.1924,0.758,0.2221,-0.5447,0.666,0.2065,0.147,         ,0.699,0.223
 2CXO J191142.6-595826, 19 11 42.66,-59 58 26.59,FALSE,9.311E-07,2.314E-07,8.894E-08,4.713E-07,1.151E-14,1.117E-14,0,8.852E-16,9.311E-07,2.314E-07,8.894E-08,4.713E-07,1.151E-14,1.117E-14,0,8.852E-16,         ,         ,         ,8.04E-16,         ,         ,         ,7.14E-16,         ,         ,         ,7.831E-16,         ,         ,         ,7.726E-16,         ,         ,         ,         ,         ,         ,         ,         ,         ,         ,         ,         ,         ,         ,         ,0.6259,         ,         ,-0.6996,         ,         ,         ,         ,         ,0.959
 2CXO J193030.1+185214, 19 30 30.13,+18 52 14.14,FALSE,0.0001912,0.0001305,2.526E-05,3.302E-06,1.116E-12,1.062E-12,6.688E-14,5.14E-15,0.0001912,0.0001305,2.526E-05,3.302E-06,1.116E-12,1.062E-12,6.688E-14,5.14E-15,8.138E-13,9.02E-13,6.516E-14,4.33E-15,7.684E-13,7.635E-13,6.677E-14,3.586E-15,7.547E-13,8.333E-13,6.548E-14,4.254E-15,9.658E-13,1.022E-12,6.657E-14,4.262E-15,1.032E-12,1.043,140.1,0.0001455,0.936,9.854E-13,1.411,67.07,3.582E-05,1.158,9.99E-13,100,161.6,0.0004736,0.992,0.6758,0.24,0.008854,0.7683,0.254,0.03989,0.951,0.739,0.947,0.985
 2CXO J193213.9+105932, 19 32 14.00,+10 59 32.72,FALSE,8.279E-05,9.497E-06,1.751E-05,3.341E-05,1.483E-13,5.135E-14,4.204E-14,5.566E-14,8.532E-05,1.006E-05,1.765E-05,3.389E-05,1.56E-13,5.594E-14,4.268E-14,5.709E-14,2.378E-13,6.229E-14,4.306E-14,5.144E-14,2.653E-13,5.351E-14,4.463E-14,4.773E-14,2.292E-13,5.777E-14,4.332E-14,5.075E-14,2.908E-13,7.01E-14,4.385E-14,5.052E-14,1.315E-13,2.969,24.12,8.347E-05,1.36,1.026E-13,0.354,1.807E-06,0.0007004,2.347,1.268E-13,1.588,7.621,7.901E-05,1.455,-0.2973,0.377,0.01647,-0.3123,0.024,0.000934,0.602,0.971,0.22,0.727
 2CXO J193938.5+213459, 19 39 38.56,+21 34 59.39,FALSE,3.492E-05,2.226E-05,5.663E-06,6.206E-07,1.831E-13,1.687E-13,1.378E-14,9.185E-16,3.492E-05,2.226E-05,5.663E-06,6.206E-07,1.831E-13,1.687E-13,1.378E-14,9.185E-16,1.341E-13,1.437E-13,1.368E-14,7.844E-16,1.288E-13,1.219E-13,1.404E-14,6.715E-16,1.248E-13,1.328E-13,1.375E-14,7.727E-16,1.597E-13,1.626E-13,1.397E-14,7.755E-16,1.525E-13,1.15,121,2.497E-05,1.31,1.404E-13,1.307,53.76,6.726E-06,1.795,1.525E-13,100,128,6.922E-05,1.33,0.5946,         ,         ,0.802,         ,         ,0.195,0.68,0.971,0.742
 2CXO J195258.2+325240, 19 52 58.21,+32 52 40.70,FALSE,0.0008072,0.0002543,0.000174,0.0001549,2.426E-12,1.774E-12,4.329E-13,2.426E-13,0.0008072,0.0002543,0.000174,0.0001549,2.426E-12,1.774E-12,4.329E-13,2.426E-13,2.788E-12,1.717E-12,4.392E-13,2.312E-13,2.886E-12,1.465E-12,4.549E-13,2.154E-13,2.633E-12,1.589E-12,4.42E-13,2.297E-13,3.378E-12,1.939E-12,4.483E-13,2.311E-13,2.288E-12,1.669,27.49,0.0005442,1.125,1.913E-12,0.7451,3.632E-07,0.0006143,3.759,2.264E-12,8.681,22.09,0.0006388,1.155,0.1874,         ,         ,0.0587,         ,         ,0.186,0.382,0.023,0.116
 2CXO J195840.0+284554, 19 58 40.04,+28 45 54.49,FALSE,1.57E-05,0,5.271E-06,7.752E-06,7.818E-15,         ,4.284E-15,3.752E-15,1.57E-05,0,5.271E-06,7.752E-06,7.818E-15,         ,4.284E-15,3.752E-15,1.816E-14,         ,4.685E-15,2.84E-15,1.767E-14,         ,4.884E-15,2.379E-15,1.707E-14,         ,4.718E-15,2.776E-15,2.131E-14,         ,4.802E-15,2.772E-15,         ,         ,         ,         ,         ,         ,         ,         ,         ,         ,         ,         ,         ,         ,         ,-0.9994,         ,         ,-0.2498,         ,         ,0.334,         ,0.177,0.041
 2CXO J195936.7+204814, 19 59 36.75,+20 48 14.86,FALSE,1.932E-05,4.034E-06,3.868E-06,6.76E-06,5.019E-14,2.999E-14,9.307E-15,1.136E-14,2.005E-05,4.031E-06,3.993E-06,6.814E-06,5.039E-14,2.992E-14,9.597E-15,1.128E-14,5.472E-14,2.645E-14,9.507E-15,1.057E-14,6.144E-14,2.274E-14,9.848E-15,9.711E-15,5.286E-14,2.453E-14,9.564E-15,1.04E-14,6.684E-14,2.975E-14,9.675E-15,1.032E-14,4.181E-14,1.933,8.809,1.089E-05,1.305,2.545E-14,0.4218,2.261E-07,8.345E-05,3.536,3.873E-14,5.21,0.8507,1.107E-05,1.464,0.02,0.033,0.002625,-0.2711,0.495,0.03873,0.872,0.701,0.835,0.368
 2CXO J201722.6+060305, 20 17 22.69,+06 03 05.35,FALSE,5.602E-06,0,1.397E-06,2.768E-06,1.013E-14,0,3.362E-15,5.882E-15,5.602E-06,0,1.397E-06,2.768E-06,1.013E-14,0,3.362E-15,5.882E-15,1.461E-14,         ,3.413E-15,4.789E-15,1.686E-14,         ,3.534E-15,4.168E-15,1.425E-14,         ,3.433E-15,4.642E-15,1.766E-14,         ,3.467E-15,4.557E-15,         ,         ,         ,         ,         ,         ,         ,         ,         ,         ,         ,         ,         ,         ,         ,-0.9994,         ,         ,-0.3498,         ,         ,0.398,         ,0.399,0.394
 2CXO J201755.8+362507, 20 17 55.82,+36 25 07.74,FALSE,4.739E-06,1.564E-06,9.816E-07,1.147E-06,1.991E-14,1.662E-14,2.306E-15,1.689E-15,4.739E-06,1.564E-06,9.816E-07,1.147E-06,1.991E-14,1.662E-14,2.306E-15,1.689E-15,1.776E-14,1.143E-14,2.743E-15,         ,1.7E-14,9.925E-15,2.844E-15,         ,1.666E-14,1.07E-14,2.76E-15,         ,2.074E-14,1.28E-14,2.812E-15,         ,         ,         ,         ,         ,         ,         ,         ,         ,         ,         ,         ,         ,         ,         ,         ,0.2561,         ,         ,-0.2024,         ,         ,0.76,0.953,0.189,         
 2CXO J202105.4+365104, 20 21 05.47,+36 51 04.63,FALSE,3.824E-05,7.391E-06,8.383E-06,1.234E-05,9.22E-14,5.415E-14,1.973E-14,1.947E-14,3.824E-05,7.391E-06,8.383E-06,1.234E-05,9.22E-14,5.415E-14,1.973E-14,1.947E-14,1.537E-13,5.047E-14,2.14E-14,1.674E-14,1.483E-13,4.284E-14,2.199E-14,1.446E-14,1.431E-13,4.665E-14,2.151E-14,1.65E-14,1.831E-13,5.711E-14,2.186E-14,1.654E-14,6.821E-14,2.664,32.09,4.074E-05,1.433,4.4E-14,0.359,8.067,0.0003396,2.53,6.579E-14,2.189,16.57,3.498E-05,1.803,-0.0625,0.346,0.03429,-0.1911,0.398,0.06817,0.607,0.491,0.646,0.403
 2CXO J202221.6+384214, 20 22 21.68,+38 42 14.95,FALSE,5.948E-05,4.21E-05,7.508E-06,5.848E-07,3.66E-13,3.54E-13,1.991E-14,9.139E-16,5.948E-05,4.21E-05,7.508E-06,5.848E-07,3.66E-13,3.54E-13,1.991E-14,9.139E-16,2.613E-13,2.946E-13,1.953E-14,7.524E-16,2.445E-13,2.49E-13,1.998E-14,6.075E-16,2.418E-13,2.721E-13,1.962E-14,7.374E-16,3.097E-13,3.341E-13,1.995E-14,7.396E-16,3.227E-13,0.968,155.9,4.241E-05,0.967,3.105E-13,1.502,80.01,9.564E-06,1.132,3.144E-13,100,187.5,0.0001541,1.042,0.6983,         ,         ,0.8557,         ,         ,0.728,0.598,0.766,0.237
 2CXO J203213.1+412724, 20 32 13.14,+41 27 24.27,FALSE,1.414E-05,4.845E-06,2.95E-06,2.389E-06,6.448E-14,5.069E-14,7.974E-15,2.304E-15,8.543E-06,3.145E-06,1.873E-06,9.592E-07,         ,         ,         ,         ,5.699E-14,         ,8.471E-15,2.221E-15,5.289E-14,         ,8.734E-15,1.703E-15,5.305E-14,         ,8.518E-15,2.157E-15,6.672E-14,         ,8.693E-15,2.153E-15,5.393E-14,2.21,23.93,2.145E-05,1.487,4.052E-14,0.5303,2.39E-06,5.37E-05,2.171,5.207E-14,3.48,10.41,1.946E-05,1.595,0.2311,0.992,0.2804,0.08,0.782,0.3822,0.988,0.805,0.99,0.545
 2CXO J204320.8+171129, 20 43 20.86,+17 11 29.22,FALSE,3.918E-06,0,7.819E-07,3.216E-06,7.96E-15,         ,1.755E-15,6.328E-15,3.918E-06,0,7.819E-07,3.216E-06,7.96E-15,         ,1.755E-15,6.328E-15,1.103E-14,         ,         ,6.098E-15,1.137E-14,         ,         ,4.572E-15,1.052E-14,         ,         ,5.707E-15,1.252E-14,         ,         ,5.451E-15,         ,         ,         ,         ,         ,         ,         ,         ,         ,         ,         ,         ,         ,         ,         ,-0.9994,         ,         ,-0.6596,         ,         ,0.92,         ,         ,0.518
 2CXO J205107.5-082737, 20 51 07.51,-08 27 37.76,FALSE,2.211E-06,0,6.809E-07,8.965E-07,2.793E-15,         ,1.613E-15,1.408E-15,2.63E-06,1.848E-07,5.798E-07,1.219E-06,4.421E-15,1.439E-15,1.292E-15,2.074E-15,5.195E-15,         ,1.649E-15,1.571E-15,6.312E-15,         ,1.712E-15,1.39E-15,5.131E-15,         ,1.659E-15,1.529E-15,6.34E-15,         ,1.675E-15,1.506E-15,         ,         ,         ,         ,         ,         ,         ,         ,         ,         ,         ,         ,         ,         ,         ,-0.9994,0.59,0.2058,-0.1512,0.546,0.3039,0.824,         ,0.655,0.591
 2CXO J212443.8-335844, 21 24 43.85,-33 58 44.74,FALSE,4.683E-05,2.414E-06,8.009E-06,2.316E-05,6.683E-14,1.288E-14,1.73E-14,3.611E-14,4.683E-05,2.414E-06,8.009E-06,2.316E-05,6.683E-14,1.288E-14,1.73E-14,3.611E-14,9.552E-14,1.411E-14,1.762E-14,3.55E-14,1.203E-13,1.219E-14,1.834E-14,3.245E-14,9.517E-14,1.311E-14,1.774E-14,3.482E-14,1.185E-13,1.584E-14,1.79E-14,3.452E-14,5.785E-14,3.685,21.44,4.337E-05,0.845,4.77E-14,0.2751,1.643E-07,0.0009789,1.754,5.608E-14,0.9371,2.987,5.491E-05,0.811,-0.5309,         ,         ,-0.4884,         ,         ,0.903,0.036,0.496,0.815
 2CXO J221438.8+300038, 22 14 38.85,+30 00 38.13,FALSE,1.669E-05,1.153E-06,2.544E-06,1.099E-05,4.468E-14,1.21E-14,5.736E-15,2.763E-14,1.669E-05,1.153E-06,2.544E-06,1.099E-05,4.468E-14,1.21E-14,5.736E-15,2.763E-14,4.153E-14,7.439E-15,6.188E-15,2.051E-14,4.412E-14,6.559E-15,6.524E-15,1.569E-14,3.982E-14,6.986E-15,6.241E-15,1.929E-14,4.748E-14,8.289E-15,6.306E-15,1.853E-14,         ,         ,         ,         ,         ,         ,         ,         ,         ,         ,         ,         ,         ,         ,         ,-0.3623,         ,         ,-0.6334,         ,         ,0.887,0.283,0.013,0.929
 2CXO J222205.9-013715, 22 22 05.96,-01 37 15.58,FALSE,2.731E-06,3.109E-07,4.87E-07,1.355E-06,5.856E-15,2.453E-15,1.186E-15,2.457E-15,2.731E-06,3.109E-07,4.87E-07,1.355E-06,5.856E-15,2.453E-15,1.186E-15,2.457E-15,6.619E-15,         ,1.18E-15,2.42E-15,7.869E-15,         ,1.224E-15,2.101E-15,6.505E-15,         ,1.187E-15,2.344E-15,8.006E-15,         ,1.198E-15,2.302E-15,         ,         ,         ,         ,         ,         ,         ,         ,         ,         ,         ,         ,         ,         ,         ,-0.1649,         ,         ,-0.4897,         ,         ,0.364,         ,0.395,0.421
 2CXO J222552.8+653536, 22 25 52.88,+65 35 36.46,FALSE,4.877E-06,1.226E-06,1.121E-06,1.561E-06,1.213E-14,6.949E-15,2.821E-15,2.498E-15,2.571E-06,6.424E-07,6.077E-07,7.094E-07,6.558E-15,4.871E-15,1.499E-15,1.027E-15,1.611E-14,8.226E-15,2.817E-15,2.293E-15,1.69E-14,7.046E-15,2.901E-15,2.064E-15,1.53E-14,7.624E-15,2.831E-15,2.253E-15,1.938E-14,9.271E-15,2.865E-15,2.234E-15,1.109E-14,2.042,15.68,3.562E-06,0.937,9.254E-15,0.5668,4.976E-06,9.439E-06,1.089,1.041E-14,3.595,8.518,3.824E-06,0.849,0.045,0.333,0.1149,-0.1624,0.519,0.1527,0.996,0.996,0.976,0.667
 2CXO J222905.2+611409, 22 29 05.26,+61 14 09.09,FALSE,8.216E-05,3.4E-05,1.363E-05,9.347E-06,2.997E-13,2.558E-13,3.59E-14,1.407E-14,8.356E-05,3.484E-05,1.37E-05,9.238E-06,3.073E-13,2.63E-13,3.597E-14,1.382E-14,2.781E-13,2.415E-13,3.728E-14,1.18E-14,2.772E-13,2.104E-13,3.91E-14,1.026E-14,2.623E-13,2.261E-13,3.757E-14,1.158E-14,3.287E-13,2.704E-13,3.826E-14,1.156E-14,2.729E-13,1.22,35.8,4.019E-05,1.103,2.54E-13,1.077,6.931E-07,2.051E-05,1.532,2.706E-13,100,36.04,0.0001011,1.102,0.4272,0.705,0.05075,0.1861,0.341,0.0361,0.8,0.583,0.987,0.4
 2CXO J224142.0-523636, 22 41 42.01,-52 36 36.22,FALSE,1.62E-05,1.203E-06,3.604E-06,8.297E-06,4.501E-14,8.923E-15,9.259E-15,2.675E-14,1.62E-05,1.203E-06,3.604E-06,8.297E-06,4.501E-14,8.923E-15,9.259E-15,2.675E-14,4.322E-14,8.377E-15,9.49E-15,1.757E-14,4.518E-14,7.389E-15,9.969E-15,1.305E-14,4.129E-14,7.874E-15,9.564E-15,1.641E-14,4.863E-14,9.316E-15,9.671E-15,1.568E-14,         ,         ,         ,         ,         ,         ,         ,         ,         ,         ,         ,         ,         ,         ,         ,-0.5009,         ,         ,-0.3948,         ,         ,0.872,0.267,0.493,0.879
 2CXO J225656.3-102434, 22 56 56.37,-10 24 34.31,FALSE,1.868E-05,1.721E-06,2.542E-06,1.077E-05,4.032E-14,1.345E-14,6.225E-15,2.071E-14,1.868E-05,1.721E-06,2.542E-06,1.077E-05,4.032E-14,1.345E-14,6.225E-15,2.071E-14,4.63E-14,1.132E-14,6.162E-15,1.989E-14,5.425E-14,9.776E-15,6.386E-15,1.694E-14,4.536E-14,1.052E-14,6.199E-15,1.918E-14,5.548E-14,1.271E-14,6.256E-15,1.877E-14,         ,         ,         ,         ,         ,         ,         ,         ,         ,         ,         ,         ,         ,         ,         ,-0.1849,         ,         ,-0.6234,         ,         ,0.794,0.605,0.105,0.824
 2CXO J230108.2+585244, 23 01 08.28,+58 52 44.22,FALSE,0.0005772,0.0001669,0.0001845,6.562E-05,1.476E-12,9.379E-13,4.515E-13,9.746E-14,0.0005772,0.0001669,0.0001845,6.562E-05,1.476E-12,9.379E-13,4.515E-13,9.746E-14,1.953E-12,1.092E-12,4.525E-13,9.298E-14,2.006E-12,9.33E-13,4.671E-13,8.528E-14,1.843E-12,1.011E-12,4.55E-13,9.203E-14,2.353E-12,1.232E-12,4.615E-13,9.203E-14,1.347E-12,3.381,120.2,0.002798,1.176,1.236E-12,0.5171,47.28,0.002547,1.722,1.309E-12,1.467,86.05,0.001915,1.212,-0.05,         ,         ,0.476,         ,         ,0.211,0.856,0.961,0.463
 2CXO J233938.7-053305, 23 39 38.74,-05 33 05.18,FALSE,6.242E-05,2.039E-05,1.122E-05,1.477E-05,2.102E-13,1.481E-13,3.036E-14,3.61E-14,6.242E-05,2.039E-05,1.122E-05,1.477E-05,2.102E-13,1.481E-13,3.036E-14,3.61E-14,1.646E-13,1.4E-13,2.886E-14,3.037E-14,1.723E-13,1.235E-13,3.036E-14,2.267E-14,1.573E-13,1.316E-13,2.909E-14,2.84E-14,1.858E-13,1.557E-13,2.941E-14,2.716E-14,1.729E-13,1.252,1.588E-06,2.258E-05,1.401,1.37E-13,0.8196,2.11E-06,3.162E-05,3.121,1.776E-13,68.91,4.532E-05,5.038E-05,1.394,0.2936,         ,         ,-0.1424,         ,         ,1,0.97,0.989,0.84
